path,sha256,source,category,property,variant,input_bytes,assertion_count,builtin_constructor_collision,source_url,source_revision,selection_rationale,features,archive,archive_sha256,task_id,metadata_path,metadata_sha256,recorded_status
extra-families/tricera-adt-arr/adt-arr/calendar.i-unreach-call.smt2,994f9d7c6f1951602a2bd52d07406e21df75c60398e50a716dd7651e1985a94b,tricera-extra-family,ADT-LIA-Arrays,unreach-call,original,8134,15,false,https://github.com/chc-comp/tricera-adt-arr,0214c9fb4845013dc9ec5d1f8c4376efc6c6e365,original; nearest remaining size to 8192 bytes; nonempty; <=256 KiB,,,,,,,
extra-families/tricera-adt-arr/adt-arr/dll-01-1.i-unreach-call.smt2,ead19d3d8430067db707a6a3d9f89a2b1f490eab000641dc544a42301b914bb6,tricera-extra-family,ADT-LIA-Arrays,unreach-call,original,24709,44,false,https://github.com/chc-comp/tricera-adt-arr,0214c9fb4845013dc9ec5d1f8c4376efc6c6e365,original; nearest remaining size to 24576 bytes; nonempty; <=256 KiB,,,,,,,
extra-families/tricera-adt-arr/adt-arr/dll-01-1.i-unreach-call-pp.smt2,52fe9e957a10610147bae863559836a348bd35d608be2c8392a513b1d79ffa10,tricera-extra-family,ADT-LIA-Arrays,unreach-call,preprocessed,65108,141,false,https://github.com/chc-comp/tricera-adt-arr,0214c9fb4845013dc9ec5d1f8c4376efc6c6e365,preprocessed; nearest remaining size to 65536 bytes; nonempty; <=256 KiB,,,,,,,
extra-families/tricera-adt-arr/adt-arr/dll-sorted-1.i-unreach-call-pp.smt2,96e1ab3c1abffd17c18b7459d7176630a88f63c2f4f7e6c35ff9665b34fa799c,tricera-extra-family,ADT-LIA-Arrays,unreach-call,preprocessed,94941,185,false,https://github.com/chc-comp/tricera-adt-arr,0214c9fb4845013dc9ec5d1f8c4376efc6c6e365,preprocessed; nearest remaining size to 163840 bytes; nonempty; <=256 KiB,,,,,,,
extra-families/tricera-adt-arr/adt-arr/dll-fst-shared.i-valid-free.smt2,009fbbce57bd647ec1c6c77639a92ccf7042374f24c28312759c22b941535c01,tricera-extra-family,ADT-LIA-Arrays,valid-free,original,8019,11,false,https://github.com/chc-comp/tricera-adt-arr,0214c9fb4845013dc9ec5d1f8c4376efc6c6e365,original; nearest remaining size to 8192 bytes; nonempty; <=256 KiB,,,,,,,
extra-families/tricera-adt-arr/adt-arr/sll_to_dll_rev-2.i-valid-free.smt2,1809fe7bd913ce576383e24399dcaeab290717ccf7595ef947a60d5548b26f5c,tricera-extra-family,ADT-LIA-Arrays,valid-free,original,24126,28,false,https://github.com/chc-comp/tricera-adt-arr,0214c9fb4845013dc9ec5d1f8c4376efc6c6e365,original; nearest remaining size to 24576 bytes; nonempty; <=256 KiB,,,,,,,
extra-families/tricera-adt-arr/adt-arr/sll-sorted-2.i-valid-free-pp.smt2,06374ca863951fbc3a3c3dce0894acc592bf54f3ee0730780a0254f44d21b0e0,tricera-extra-family,ADT-LIA-Arrays,valid-free,preprocessed,65801,143,false,https://github.com/chc-comp/tricera-adt-arr,0214c9fb4845013dc9ec5d1f8c4376efc6c6e365,preprocessed; nearest remaining size to 65536 bytes; nonempty; <=256 KiB,,,,,,,
extra-families/tricera-adt-arr/adt-arr/skiplist_3lvl.i-valid-free-pp.smt2,73ac1cf59f7789c565156014583f7205a2a2c1a55d9fbb1b28aca0fc57a89498,tricera-extra-family,ADT-LIA-Arrays,valid-free,preprocessed,117041,242,false,https://github.com/chc-comp/tricera-adt-arr,0214c9fb4845013dc9ec5d1f8c4376efc6c6e365,preprocessed; nearest remaining size to 163840 bytes; nonempty; <=256 KiB,,,,,,,
extra-families/tricera-adt-arr/adt-arr/test-0232-2.i-valid-deref.smt2,83341d4d0db97bba254022640a491f598bb5185f1a654d4605aad2b99e1d8be3,tricera-extra-family,ADT-LIA-Arrays,valid-deref,original,8373,21,false,https://github.com/chc-comp/tricera-adt-arr,0214c9fb4845013dc9ec5d1f8c4376efc6c6e365,original; nearest remaining size to 8192 bytes; nonempty; <=256 KiB,,,,,,,
extra-families/tricera-adt-arr/adt-arr/sll-01-2.i-valid-deref.smt2,3d7d947b56fc913a3790610091fd122198bbdcc31633470b9ae7db757861125a,tricera-extra-family,ADT-LIA-Arrays,valid-deref,original,24857,82,false,https://github.com/chc-comp/tricera-adt-arr,0214c9fb4845013dc9ec5d1f8c4376efc6c6e365,original; nearest remaining size to 24576 bytes; nonempty; <=256 KiB,,,,,,,
extra-families/tricera-adt-arr/adt-arr/sll-circular-1.i-valid-deref-pp.smt2,1dca131293bd6b258a1bf63abf51a116b07ca358a0a75245616fd20d24e18280,tricera-extra-family,ADT-LIA-Arrays,valid-deref,preprocessed,65339,171,false,https://github.com/chc-comp/tricera-adt-arr,0214c9fb4845013dc9ec5d1f8c4376efc6c6e365,preprocessed; nearest remaining size to 65536 bytes; nonempty; <=256 KiB,,,,,,,
extra-families/tricera-adt-arr/adt-arr/dll-queue-1.i-valid-deref-pp.smt2,9663cd4de07c5764387f4690a461f8a3f6c9e1d1f07cba792b5c708c4124d39d,tricera-extra-family,ADT-LIA-Arrays,valid-deref,preprocessed,161216,372,false,https://github.com/chc-comp/tricera-adt-arr,0214c9fb4845013dc9ec5d1f8c4376efc6c6e365,preprocessed; nearest remaining size to 163840 bytes; nonempty; <=256 KiB,,,,,,,
extra-families/tricera-adt-arr/adt-arr/test-0019_1-1.i-valid-memtrack.smt2,b03f2147926f6ce4715f8c38c141c2bdc01cb31f9748412d199f86c170052f22,tricera-extra-family,ADT-LIA-Arrays,valid-memtrack,original,8255,4,true,https://github.com/chc-comp/tricera-adt-arr,0214c9fb4845013dc9ec5d1f8c4376efc6c6e365,original; nearest remaining size to 8192 bytes; nonempty; <=256 KiB; datatype constructors true/false collide with builtins,,,,,,,
extra-families/tricera-adt-arr/adt-arr/sll-queue-1.i-valid-memtrack.smt2,770dc1dfa574441d278e8f589d787825aff32bd5914e65486942fdd2a7d2eff2,tricera-extra-family,ADT-LIA-Arrays,valid-memtrack,original,24458,35,true,https://github.com/chc-comp/tricera-adt-arr,0214c9fb4845013dc9ec5d1f8c4376efc6c6e365,original; nearest remaining size to 24576 bytes; nonempty; <=256 KiB; datatype constructors true/false collide with builtins,,,,,,,
extra-families/tricera-adt-arr/adt-arr/test-0019_1-2.i-valid-memtrack-pp.smt2,bced20a57d209cafe3ad4dced1b6ca8f86a59e585a2037cb6b925a4f932398c2,tricera-extra-family,ADT-LIA-Arrays,valid-memtrack,preprocessed,53883,80,false,https://github.com/chc-comp/tricera-adt-arr,0214c9fb4845013dc9ec5d1f8c4376efc6c6e365,preprocessed; nearest remaining size to 65536 bytes; nonempty; <=256 KiB,,,,,,,
extra-families/tricera-adt-arr/adt-arr/test-0019_1-1.i-valid-memtrack-pp.smt2,c4ea536e88fcfdcbbf3aabb6ec93c120a5e4f0442c4f6a3b91bb0da3d8aa0a1d,tricera-extra-family,ADT-LIA-Arrays,valid-memtrack,preprocessed,53827,80,false,https://github.com/chc-comp/tricera-adt-arr,0214c9fb4845013dc9ec5d1f8c4376efc6c6e365,preprocessed; nearest remaining size to 163840 bytes; nonempty; <=256 KiB,,,,,,,
extra-families/tricera-adt-arr/adt-arr/simple-1.i-valid-memcleanup.smt2,50e07c0bb8043514166c14a76e33c09188b662e9bab3d48f5533cc50103d3a95,tricera-extra-family,ADT-LIA-Arrays,valid-memcleanup,original,8203,13,true,https://github.com/chc-comp/tricera-adt-arr,0214c9fb4845013dc9ec5d1f8c4376efc6c6e365,original; nearest remaining size to 8192 bytes; nonempty; <=256 KiB; datatype constructors true/false collide with builtins,,,,,,,
extra-families/tricera-adt-arr/adt-arr/sll-queue-2.i-valid-memcleanup.smt2,588d9af5fcb1209f5accb2e9a108cbd11838c1095fbde7dccec833ff8217026a,tricera-extra-family,ADT-LIA-Arrays,valid-memcleanup,original,24456,35,true,https://github.com/chc-comp/tricera-adt-arr,0214c9fb4845013dc9ec5d1f8c4376efc6c6e365,original; nearest remaining size to 24576 bytes; nonempty; <=256 KiB; required previously discussed sll-queue-2 example; datatype constructors true/false collide with builtins,,,,,,,
extra-families/tricera-adt-arr/adt-arr/list_search-2.i-valid-memcleanup.smt2,dca9b34a8269d5eb2703c7693475ab3bbf83cfe26b70c24be5da05e91508ab42,tricera-extra-family,ADT-LIA-Arrays,valid-memcleanup,original,43297,24,true,https://github.com/chc-comp/tricera-adt-arr,0214c9fb4845013dc9ec5d1f8c4376efc6c6e365,original; nearest remaining size to 65536 bytes; nonempty; <=256 KiB; datatype constructors true/false collide with builtins,,,,,,,
extra-families/tricera-adt-arr/adt-arr/sll_to_dll_rev-1.i-valid-memcleanup.smt2,fe7f2d4e2049d0259bcdc0d3ed74393cfd377aebb7d11b8aa62d8c3efc25c5cd,tricera-extra-family,ADT-LIA-Arrays,valid-memcleanup,original,36834,53,true,https://github.com/chc-comp/tricera-adt-arr,0214c9fb4845013dc9ec5d1f8c4376efc6c6e365,original; nearest remaining size to 163840 bytes; nonempty; <=256 KiB; datatype constructors true/false collide with builtins,,,,,,,
chc-comp-2026/eldarica-misc/BV/reve/005-horn-bv_000.smt2,16c8c4a9e9397453ba48001991f32f1fd4b00d607587e84095af3993b7ffa78f,chc-comp-2026,BV,,,,,,https://github.com/chc-comp/chc-comp26-benchmarks,b4fa7a708e5863bbcdb5de50d692ead3a67cbedc,,family-balanced small-input expansion,chc-comp26-benchmarks-main.zip,912aa7b44471c9e1ed49ba0c2c034dcafa4300a821edaf3bf016618fd0e99b25,eldarica-misc/BV/reve/005-horn-bv_000.yml,chc-comp-2026/eldarica-misc/BV/reve/005-horn-bv_000.yml,4cc7b5923f4bc242f82d24aa0c8d4b24f74b1ee49c02db813fdff1fe1cad7875,unknown
chc-comp-2026/eldarica-misc/BV/reve/006-horn-bv_000.smt2,079293ac6a2237acc9ce3f1e28d1f675fb65e1693f153c7972367d42230a8c81,chc-comp-2026,BV,,,,,,https://github.com/chc-comp/chc-comp26-benchmarks,b4fa7a708e5863bbcdb5de50d692ead3a67cbedc,,family-balanced small-input expansion,chc-comp26-benchmarks-main.zip,912aa7b44471c9e1ed49ba0c2c034dcafa4300a821edaf3bf016618fd0e99b25,eldarica-misc/BV/reve/006-horn-bv_000.yml,chc-comp-2026/eldarica-misc/BV/reve/006-horn-bv_000.yml,6ac0a5465f02345171756e44684122dc1e9cb5e531856d9eeb494be17f2f6bde,unknown
chc-comp-2026/eldarica-misc/BV/reve/022d-horn-bv_000.smt2,4245d0e4b39a5861f4185c0edb79031e6f5b8821d556a0a50798da0e64405873,chc-comp-2026,BV,,,,,,https://github.com/chc-comp/chc-comp26-benchmarks,b4fa7a708e5863bbcdb5de50d692ead3a67cbedc,,family-balanced second expansion,chc-comp26-benchmarks-main.zip,912aa7b44471c9e1ed49ba0c2c034dcafa4300a821edaf3bf016618fd0e99b25,eldarica-misc/BV/reve/022d-horn-bv_000.yml,chc-comp-2026/eldarica-misc/BV/reve/022d-horn-bv_000.yml,32a9a14ce5e0678005845075064f1837f9d54451c1dd9f3739d89f9752b13b7f,unsat
chc-comp-2026/eldarica-misc/BV/reve/022b-horn-bv_000.smt2,2444de56c589a155cbe27b536c3422a1d5e8dbdd79587eab4dde24a64f2cfeff,chc-comp-2026,BV,,,,,,https://github.com/chc-comp/chc-comp26-benchmarks,b4fa7a708e5863bbcdb5de50d692ead3a67cbedc,,family-balanced second expansion,chc-comp26-benchmarks-main.zip,912aa7b44471c9e1ed49ba0c2c034dcafa4300a821edaf3bf016618fd0e99b25,eldarica-misc/BV/reve/022b-horn-bv_000.yml,chc-comp-2026/eldarica-misc/BV/reve/022b-horn-bv_000.yml,c1cab0b2c8af8276a2080853158a63e5466d4117a07ba2ff24ed4338e5c7fc2f,unknown
chc-comp-2026/eldarica-misc/BV/Consistency/delauny-edge-flipping.7-bv_000.smt2,b5f781aa097ad5227c9c98fbb73c52a9a549415bc711c4f40e6ab794ea20d257,chc-comp-2026,BV,,,,,,https://github.com/chc-comp/chc-comp26-benchmarks,b4fa7a708e5863bbcdb5de50d692ead3a67cbedc,,family-balanced second expansion,chc-comp26-benchmarks-main.zip,912aa7b44471c9e1ed49ba0c2c034dcafa4300a821edaf3bf016618fd0e99b25,eldarica-misc/BV/Consistency/delauny-edge-flipping.7-bv_000.yml,chc-comp-2026/eldarica-misc/BV/Consistency/delauny-edge-flipping.7-bv_000.yml,c92fe76129c2c045d2d6536b9a89c8254a73a675b217cbfd4835142d63e14b3a,unsat
chc-comp-2026/eldarica-misc/BV/reve/006b-horn-bv_000.smt2,30bffa30771c7e94cbcb9444beaf979d6b0f8d83af1a8718dc4363d864423c36,chc-comp-2026,BV,,,,,,https://github.com/chc-comp/chc-comp26-benchmarks,b4fa7a708e5863bbcdb5de50d692ead3a67cbedc,,family-balanced second expansion,chc-comp26-benchmarks-main.zip,912aa7b44471c9e1ed49ba0c2c034dcafa4300a821edaf3bf016618fd0e99b25,eldarica-misc/BV/reve/006b-horn-bv_000.yml,chc-comp-2026/eldarica-misc/BV/reve/006b-horn-bv_000.yml,7a100d022a23cbde38182ebe0ab5b2fd38ce04113aeaad75c8aef906c7710d37,unknown
chc-comp-2026/eldarica-misc/BV/reve/021b-horn-bv_000.smt2,d411a3e4730fa77f2a36ef5ff619b41e2e134994cbbdf676ac6126d7d5b44bf5,chc-comp-2026,BV,,,,,,https://github.com/chc-comp/chc-comp26-benchmarks,b4fa7a708e5863bbcdb5de50d692ead3a67cbedc,,family-balanced second expansion,chc-comp26-benchmarks-main.zip,912aa7b44471c9e1ed49ba0c2c034dcafa4300a821edaf3bf016618fd0e99b25,eldarica-misc/BV/reve/021b-horn-bv_000.yml,chc-comp-2026/eldarica-misc/BV/reve/021b-horn-bv_000.yml,a80004e433ed2948e3f9318436ca561afbe5db2a6da5c4b7996feecf6b0ffdda,sat_validated
chc-comp-2026/eldarica-misc/BV/reve/022c-horn-bv_000.smt2,14a0c2599dbb57700bafb095bde0b1ea26dac2aa6fc41b50b61dfe2100b1d6b1,chc-comp-2026,BV,,,,,,https://github.com/chc-comp/chc-comp26-benchmarks,b4fa7a708e5863bbcdb5de50d692ead3a67cbedc,,family-balanced 1500-input expansion,chc-comp26-benchmarks-main.zip,912aa7b44471c9e1ed49ba0c2c034dcafa4300a821edaf3bf016618fd0e99b25,eldarica-misc/BV/reve/022c-horn-bv_000.smt2,chc-comp-2026/eldarica-misc/BV/reve/022c-horn-bv_000.yml,68694d57188cd12fad0440f0170e9ea6e6c5acfcc8773aaf2da99bf08c11e221,unsat
chc-comp-2026/eldarica-misc/BV/reve/005b-horn-bv_000.smt2,14619360639add62dd889626eeee474fc605bbb27e60a1257c62735330cfbac7,chc-comp-2026,BV,,,,,,https://github.com/chc-comp/chc-comp26-benchmarks,b4fa7a708e5863bbcdb5de50d692ead3a67cbedc,,family-balanced 1500-input expansion,chc-comp26-benchmarks-main.zip,912aa7b44471c9e1ed49ba0c2c034dcafa4300a821edaf3bf016618fd0e99b25,eldarica-misc/BV/reve/005b-horn-bv_000.smt2,chc-comp-2026/eldarica-misc/BV/reve/005b-horn-bv_000.yml,8e5e30df3da43d0741af9517324fce943996a154d9aa96b89b206a5e129e0df9,
chc-comp-2026/eldarica-misc/BV/reve/022-horn-bv_000.smt2,aba8347d4ac20055262823dadb424a19a813b352c1c84be2935752f79495fc4b,chc-comp-2026,BV,,,,,,https://github.com/chc-comp/chc-comp26-benchmarks,b4fa7a708e5863bbcdb5de50d692ead3a67cbedc,,family-balanced 1500-input expansion,chc-comp26-benchmarks-main.zip,912aa7b44471c9e1ed49ba0c2c034dcafa4300a821edaf3bf016618fd0e99b25,eldarica-misc/BV/reve/022-horn-bv_000.smt2,chc-comp-2026/eldarica-misc/BV/reve/022-horn-bv_000.yml,9afd8ff05b663fc7f9aa5f8901b44e139f42d2f5ce8e2894e2cd61e51aa54f51,sat_validated
chc-comp-2026/eldarica-misc/BV/reve/026-bv_000.smt2,695e385dc6d669e5c93dceadecd5c19c6c97d8342897b80e5e4be114a2fdf3fb,chc-comp-2026,BV-Lin,,,,,,https://github.com/chc-comp/chc-comp26-benchmarks,b4fa7a708e5863bbcdb5de50d692ead3a67cbedc,,32-bit relation arguments and signed comparison,chc-comp26-benchmarks-main.zip,912aa7b44471c9e1ed49ba0c2c034dcafa4300a821edaf3bf016618fd0e99b25,eldarica-misc/BV/reve/026-bv_000.yml,chc-comp-2026/eldarica-misc/BV/reve/026-bv_000.yml,a626973a194a66cc708bc4c39e5bfd653f834f6d0da248ed9710f6ae1a4ade16,unsat
chc-comp-2026/vmt-chc-benchmarks/bv/sendmail-mime-fromqp.c_000.smt2,8244d5e3f9b5cf518f099b1a0ec79197e23324115b64c9dc544c09168e5fe20f,chc-comp-2026,BV-Lin,,,,,,https://github.com/chc-comp/chc-comp26-benchmarks,b4fa7a708e5863bbcdb5de50d692ead3a67cbedc,,family-balanced small-input expansion,chc-comp26-benchmarks-main.zip,912aa7b44471c9e1ed49ba0c2c034dcafa4300a821edaf3bf016618fd0e99b25,vmt-chc-benchmarks/bv/sendmail-mime-fromqp.c_000_000.yml,chc-comp-2026/vmt-chc-benchmarks/bv/sendmail-mime-fromqp.c_000_000.yml,f62c67d52639610f027c5a8b2cd6a9f4c84cb3f9ad828944340ae587e7ea269d,sat_validated
chc-comp-2026/vmt-chc-benchmarks/bv/fragtest_simple.c_000.smt2,18fe6960a8aecd91bbadbb8f4c97e7cd0c0323e4109fcb48b1745a83cb35953a,chc-comp-2026,BV-Lin,,,,,,https://github.com/chc-comp/chc-comp26-benchmarks,b4fa7a708e5863bbcdb5de50d692ead3a67cbedc,,family-balanced second expansion,chc-comp26-benchmarks-main.zip,912aa7b44471c9e1ed49ba0c2c034dcafa4300a821edaf3bf016618fd0e99b25,vmt-chc-benchmarks/bv/fragtest_simple.c_000_000.yml,chc-comp-2026/vmt-chc-benchmarks/bv/fragtest_simple.c_000_000.yml,c6e74a690c8fd7633a347fde5b5acfdb4336f0dd085b6b4f34b2f4ca421dcbd8,sat_validated
chc-comp-2026/eldarica-misc/BV/reve/010b-bv_000.smt2,a79bc4a99dd5820d3884d47ef0a906fe556a05336b3ff3c6ca723b68e8e92d0b,chc-comp-2026,BV-Lin,,,,,,https://github.com/chc-comp/chc-comp26-benchmarks,b4fa7a708e5863bbcdb5de50d692ead3a67cbedc,,family-balanced second expansion,chc-comp26-benchmarks-main.zip,912aa7b44471c9e1ed49ba0c2c034dcafa4300a821edaf3bf016618fd0e99b25,eldarica-misc/BV/reve/010b-bv_000.yml,chc-comp-2026/eldarica-misc/BV/reve/010b-bv_000.yml,b7b3271146a8dc1a21c3cc20588402e0a708e818990bc78d4348c7a06094b200,unsat
chc-comp-2026/vmt-chc-benchmarks/bv/nest-if6.c_000.smt2,58ff2512abba3cf3c248720424e8430508a199e40badcc817aa36e4db71793a1,chc-comp-2026,BV-Lin,,,,,,https://github.com/chc-comp/chc-comp26-benchmarks,b4fa7a708e5863bbcdb5de50d692ead3a67cbedc,,family-balanced second expansion,chc-comp26-benchmarks-main.zip,912aa7b44471c9e1ed49ba0c2c034dcafa4300a821edaf3bf016618fd0e99b25,vmt-chc-benchmarks/bv/nest-if6.c_000_000.yml,chc-comp-2026/vmt-chc-benchmarks/bv/nest-if6.c_000_000.yml,1c79efab7ba1ee717d225e8e11f73738ab5ec2e2eae332c1bec8ba3bedd0835a,sat_validated
chc-comp-2026/eldarica-misc/BV/reve/014c-horn-bv_000.smt2,54411b56f1dadf06c7a8ce0cf39fc3afb309b00e0f4f79e3f08703bb2d64413d,chc-comp-2026,BV-Lin,,,,,,https://github.com/chc-comp/chc-comp26-benchmarks,b4fa7a708e5863bbcdb5de50d692ead3a67cbedc,,family-balanced second expansion,chc-comp26-benchmarks-main.zip,912aa7b44471c9e1ed49ba0c2c034dcafa4300a821edaf3bf016618fd0e99b25,eldarica-misc/BV/reve/014c-horn-bv_000.yml,chc-comp-2026/eldarica-misc/BV/reve/014c-horn-bv_000.yml,2c633c787c69cd0c786734d59494af484fab39c701293bfbcbae04837b0ef27b,unsat
chc-comp-2026/vmt-chc-benchmarks/bv/nested5.c_000.smt2,cb338b52ab8414bbac62e4362e36ddfc69d2273b7cd4bede0b86103a2a304994,chc-comp-2026,BV-Lin,,,,,,https://github.com/chc-comp/chc-comp26-benchmarks,b4fa7a708e5863bbcdb5de50d692ead3a67cbedc,,family-balanced second expansion,chc-comp26-benchmarks-main.zip,912aa7b44471c9e1ed49ba0c2c034dcafa4300a821edaf3bf016618fd0e99b25,vmt-chc-benchmarks/bv/nested5.c_000_000.yml,chc-comp-2026/vmt-chc-benchmarks/bv/nested5.c_000_000.yml,968f22efa5a6add376e762ed8c7178a952429a9f088bd36ee23cc3c1bcc0f929,sat_validated
chc-comp-2026/eldarica-misc/BV/dillig/14.c-bv_000.smt2,fbb8ed0a8da9292611b6a2ac4b05a7ddda127a8227299e12ce69e135fa9ecd48,chc-comp-2026,BV-Lin,,,,,,https://github.com/chc-comp/chc-comp26-benchmarks,b4fa7a708e5863bbcdb5de50d692ead3a67cbedc,,family-balanced 1500-input expansion,chc-comp26-benchmarks-main.zip,912aa7b44471c9e1ed49ba0c2c034dcafa4300a821edaf3bf016618fd0e99b25,eldarica-misc/BV/dillig/14.c-bv_000.smt2,chc-comp-2026/eldarica-misc/BV/dillig/14.c-bv_000.yml,31f75b267a611d556b50cd183f95f85fe124d954e53332b86377782d61ea8442,unsat
chc-comp-2026/eldarica-misc/BV/reve/018-bv_000.smt2,66bb9971493556f237c4fd63802e51bb19f2a1952b266f622392378fff81047d,chc-comp-2026,BV-Lin,,,,,,https://github.com/chc-comp/chc-comp26-benchmarks,b4fa7a708e5863bbcdb5de50d692ead3a67cbedc,,family-balanced 1500-input expansion,chc-comp26-benchmarks-main.zip,912aa7b44471c9e1ed49ba0c2c034dcafa4300a821edaf3bf016618fd0e99b25,eldarica-misc/BV/reve/018-bv_000.smt2,chc-comp-2026/eldarica-misc/BV/reve/018-bv_000.yml,173094d25f12deb2254922a0b7fb84ef214be16eb57fc3c4bcd1b72f916c69e3,unsat
chc-comp-2026/vmt-chc-benchmarks/bv/bind_expands_vars2.c_000.smt2,a59ee8d1247a7a322904916e2eda674933f0ace26e3a1e9f41822d54fec36948,chc-comp-2026,BV-Lin,,,,,,https://github.com/chc-comp/chc-comp26-benchmarks,b4fa7a708e5863bbcdb5de50d692ead3a67cbedc,,family-balanced 1500-input expansion,chc-comp26-benchmarks-main.zip,912aa7b44471c9e1ed49ba0c2c034dcafa4300a821edaf3bf016618fd0e99b25,vmt-chc-benchmarks/bv/bind_expands_vars2.c_000.smt2,chc-comp-2026/vmt-chc-benchmarks/bv/bind_expands_vars2.c_000_000.yml,ef0b721dc98acc33a187439a795f1d7049b2fc9d7b41530f9566f502f1e64173,sat
chc-comp-2026/rust-horn/simple-2-04_recursive_unsat_000.smt2,43e0a00b51217c59aefef07da0e3f53dbc8871ce9a2dbaaa6b9df123ce8da12e,chc-comp-2026,LIA,,,,,,https://github.com/chc-comp/chc-comp26-benchmarks,b4fa7a708e5863bbcdb5de50d692ead3a67cbedc,,recursive Fibonacci and nonlinear Horn clauses,chc-comp26-benchmarks-main.zip,912aa7b44471c9e1ed49ba0c2c034dcafa4300a821edaf3bf016618fd0e99b25,rust-horn/simple-2-04_recursive_unsat_000.yml,chc-comp-2026/rust-horn/simple-2-04_recursive_unsat_000.yml,aef189423a7e8e0b34dd943bed78d961c9168531a1526132ed7729a774204a91,sat_validated
chc-comp-2026/hopv/lia/termination/append02_000.smt2,b63f89fcb78a59a6eccd39fd2a18a6f0ce3d3c1e0afac9a8f70fbeff74c39c28,chc-comp-2026,LIA,,,,,,https://github.com/chc-comp/chc-comp26-benchmarks,b4fa7a708e5863bbcdb5de50d692ead3a67cbedc,,family-balanced small-input expansion,chc-comp26-benchmarks-main.zip,912aa7b44471c9e1ed49ba0c2c034dcafa4300a821edaf3bf016618fd0e99b25,hopv/lia/termination/append02_000.yml,chc-comp-2026/hopv/lia/termination/append02_000.yml,e1d5a84ad08ec94f96bb7a4899aa306d3d3cc00fb87996e71eb2ebb493149ec4,sat_validated
chc-comp-2026/kind2-chc-benchmarks/data/ticket3i_7_000.smt2,0dd7e804b3b88b832baa2700ab381379a9528c856a97869728b4fe239c980aa7,chc-comp-2026,LIA,,,,,,https://github.com/chc-comp/chc-comp26-benchmarks,b4fa7a708e5863bbcdb5de50d692ead3a67cbedc,,family-balanced small-input expansion,chc-comp26-benchmarks-main.zip,912aa7b44471c9e1ed49ba0c2c034dcafa4300a821edaf3bf016618fd0e99b25,kind2-chc-benchmarks/data/ticket3i_7_000_000.yml,chc-comp-2026/kind2-chc-benchmarks/data/ticket3i_7_000_000.yml,7dd9888995ccebbff3ef5e185d0ae28213a4b0381bd9b13750c9982eb4ba2879,sat_validated
chc-comp-2026/synthesis/nay-horn/CONST_ite2_000.smt2,a5b7fa1a137611be549c35b86551bf74019dba8d1c2150efd37ac6833ebcd554,chc-comp-2026,LIA,,,,,,https://github.com/chc-comp/chc-comp26-benchmarks,b4fa7a708e5863bbcdb5de50d692ead3a67cbedc,,family-balanced second expansion,chc-comp26-benchmarks-main.zip,912aa7b44471c9e1ed49ba0c2c034dcafa4300a821edaf3bf016618fd0e99b25,synthesis/nay-horn/CONST_ite2_000.yml,chc-comp-2026/synthesis/nay-horn/CONST_ite2_000.yml,8008b30cc1065f899ed7c1753e853306c058cb2406b159a9610e782e76d7a683,sat_validated
chc-comp-2026/synthesis/nay-horn/IF_fg_mpg_example5_000.smt2,1c454ed4691933b5e40ef0ffd4b426c941ae74e2455916038f9623f72e41a63f,chc-comp-2026,LIA,,,,,,https://github.com/chc-comp/chc-comp26-benchmarks,b4fa7a708e5863bbcdb5de50d692ead3a67cbedc,,family-balanced second expansion,chc-comp26-benchmarks-main.zip,912aa7b44471c9e1ed49ba0c2c034dcafa4300a821edaf3bf016618fd0e99b25,synthesis/nay-horn/IF_fg_mpg_example5_000.yml,chc-comp-2026/synthesis/nay-horn/IF_fg_mpg_example5_000.yml,38d58d0bd92a826681cc870c9b5bbff11bdb3a8587b5a6f50f1b090fddbc5732,sat_validated
chc-comp-2026/ultimate/LIA-NonLin/13_unverif_simplified_000.smt2,51a59f39a3e6024fc4ee034a54746517e4b17dfca9e127d3dadcebc34714b9ff,chc-comp-2026,LIA,,,,,,https://github.com/chc-comp/chc-comp26-benchmarks,b4fa7a708e5863bbcdb5de50d692ead3a67cbedc,,family-balanced second expansion,chc-comp26-benchmarks-main.zip,912aa7b44471c9e1ed49ba0c2c034dcafa4300a821edaf3bf016618fd0e99b25,ultimate/LIA-NonLin/13_unverif_simplified_000.yml,chc-comp-2026/ultimate/LIA-NonLin/13_unverif_simplified_000.yml,9dde1fcf7248a2d274bd09fadf732bc8cb2ac7412e816c9548fcd5f9dffc86ca,sat_validated
chc-comp-2026/hopv/lia/mochi/mc91_99_000.smt2,8d2fc09285aea62f79fc7e06362e314f2954e1b3838d97cf0a46f9ef0bae01e7,chc-comp-2026,LIA,,,,,,https://github.com/chc-comp/chc-comp26-benchmarks,b4fa7a708e5863bbcdb5de50d692ead3a67cbedc,,family-balanced second expansion,chc-comp26-benchmarks-main.zip,912aa7b44471c9e1ed49ba0c2c034dcafa4300a821edaf3bf016618fd0e99b25,hopv/lia/mochi/mc91_99_000.yml,chc-comp-2026/hopv/lia/mochi/mc91_99_000.yml,a426ff7f520c1a391e9e22b1a908a3c860dce2c185cf2a16a97c2b785c84d8ad,sat_validated
chc-comp-2026/hcai-bench/svcomp/O0/O0_sum_10x0_false-unreach-call_true-termination_000.smt2,597d729d6e8c78c652cbd219fddc5815bd93b974f0d2b35a54250f70708f55be,chc-comp-2026,LIA,,,,,,https://github.com/chc-comp/chc-comp26-benchmarks,b4fa7a708e5863bbcdb5de50d692ead3a67cbedc,,family-balanced 1500-input expansion,chc-comp26-benchmarks-main.zip,912aa7b44471c9e1ed49ba0c2c034dcafa4300a821edaf3bf016618fd0e99b25,hcai-bench/svcomp/O0/O0_sum_10x0_false-unreach-call_true-termination_000.smt2,chc-comp-2026/hcai-bench/svcomp/O0/O0_sum_10x0_false-unreach-call_true-termination_000.yml,ca09eebf525625f59adff1d5dac4608855059b2b50602a06cf245136c3f979d1,unsat
chc-comp-2026/eldarica-misc/LIA/reve/006-horn_000.smt2,0bf17cc516dad7f3da130e00ad7c816ecdca04dd27c1376fafbfd4b9b9718106,chc-comp-2026,LIA,,,,,,https://github.com/chc-comp/chc-comp26-benchmarks,b4fa7a708e5863bbcdb5de50d692ead3a67cbedc,,family-balanced 1500-input expansion,chc-comp26-benchmarks-main.zip,912aa7b44471c9e1ed49ba0c2c034dcafa4300a821edaf3bf016618fd0e99b25,eldarica-misc/LIA/reve/006-horn_000.smt2,chc-comp-2026/eldarica-misc/LIA/reve/006-horn_000.yml,5fe210c28299f762ec5fab17c063f1b50985c33499b1fabc8c07eaa7d3a2c59f,sat_validated
chc-comp-2026/llreve-bench/smt2/clausified/rec__limit2_000.smt2,c3daf4fc2c3aa9c32f0ea056b861c9e22205823d45b4c600ca46f3b1f10e922b,chc-comp-2026,LIA,,,,,,https://github.com/chc-comp/chc-comp26-benchmarks,b4fa7a708e5863bbcdb5de50d692ead3a67cbedc,,family-balanced 1500-input expansion,chc-comp26-benchmarks-main.zip,912aa7b44471c9e1ed49ba0c2c034dcafa4300a821edaf3bf016618fd0e99b25,llreve-bench/smt2/clausified/rec__limit2_000.smt2,chc-comp-2026/llreve-bench/smt2/clausified/rec__limit2_000_001.yml,a9fee252d942436a851eafe81d64be52a2c544f6bf0af9178903fdc91ee5d158,sat_validated
chc-comp-2026/aeval-benchmarks/multi-phase/s_split_01_000.smt2,013c98d85d3efddff7ef83ec18c1a4977cc42872da319e8bfeb3851d5e0d01c5,chc-comp-2026,LIA-Lin,,,,,,https://github.com/chc-comp/chc-comp26-benchmarks,b4fa7a708e5863bbcdb5de50d692ead3a67cbedc,,integer loop invariant and conditional update,chc-comp26-benchmarks-main.zip,912aa7b44471c9e1ed49ba0c2c034dcafa4300a821edaf3bf016618fd0e99b25,aeval-benchmarks/multi-phase/s_split_01_000_000.yml,chc-comp-2026/aeval-benchmarks/multi-phase/s_split_01_000_000.yml,ce65a34b7e1a9bd475619170dee2f18b5433f7ca19ada5703cc05c0cc5d4865d,sat_validated
chc-comp-2026/vmt-chc-benchmarks/lustre/SYNAPSE_3_e1_1416_e7_193_000.smt2,4f58092740b54899b8d3116dc979c7b64c765dadae3a05c3577811c2be13a0f7,chc-comp-2026,LIA-Lin,,,,,,https://github.com/chc-comp/chc-comp26-benchmarks,b4fa7a708e5863bbcdb5de50d692ead3a67cbedc,,family-balanced small-input expansion,chc-comp26-benchmarks-main.zip,912aa7b44471c9e1ed49ba0c2c034dcafa4300a821edaf3bf016618fd0e99b25,vmt-chc-benchmarks/lustre/SYNAPSE_3_e1_1416_e7_193_000_001.yml,chc-comp-2026/vmt-chc-benchmarks/lustre/SYNAPSE_3_e1_1416_e7_193_000_001.yml,38430c2e4ee07722ecc412ae073952f8f388d170914f98ce9117afda3c80f0dd,unsat
chc-comp-2026/extra-small-lia/dillig12_m_000.smt2,24ad77c26bf1dfde60a45765fdad1a2f746911ab98278fabe2b3599465844175,chc-comp-2026,LIA-Lin,,,,,,https://github.com/chc-comp/chc-comp26-benchmarks,b4fa7a708e5863bbcdb5de50d692ead3a67cbedc,,family-balanced small-input expansion,chc-comp26-benchmarks-main.zip,912aa7b44471c9e1ed49ba0c2c034dcafa4300a821edaf3bf016618fd0e99b25,extra-small-lia/dillig12_m_000.yml,chc-comp-2026/extra-small-lia/dillig12_m_000.yml,ca02fb6fb2f9495561be9a9cf3b9c75658b3dc8ea8de6ee8a9b174a8715ca94e,sat_validated
chc-comp-2026/aeval-unsafe/s_split_27_000.smt2,0f447b416b718f369be57b1093ca4c08ee10ee641c8bf5c2f0f1db8f01bfe405,chc-comp-2026,LIA-Lin,,,,,,https://github.com/chc-comp/chc-comp26-benchmarks,b4fa7a708e5863bbcdb5de50d692ead3a67cbedc,,family-balanced second expansion,chc-comp26-benchmarks-main.zip,912aa7b44471c9e1ed49ba0c2c034dcafa4300a821edaf3bf016618fd0e99b25,aeval-unsafe/s_split_27_000_001.yml,chc-comp-2026/aeval-unsafe/s_split_27_000_001.yml,74a26023240f2b6be258021a8504530b53de0f1e8d769d27ae269e48ba7c08a6,unsat
chc-comp-2026/llreve-bench/smt2/loop__fib_000.smt2,dadef6a933c8e4eb6aea7e25ce927cc5643f818da9d1c7bf64585dc520b43beb,chc-comp-2026,LIA-Lin,,,,,,https://github.com/chc-comp/chc-comp26-benchmarks,b4fa7a708e5863bbcdb5de50d692ead3a67cbedc,,family-balanced second expansion,chc-comp26-benchmarks-main.zip,912aa7b44471c9e1ed49ba0c2c034dcafa4300a821edaf3bf016618fd0e99b25,llreve-bench/smt2/loop__fib_000_002.yml,chc-comp-2026/llreve-bench/smt2/loop__fib_000_002.yml,a6b300503be3f8fb4e8a50d76f7a0d572666d188b83377c78939c1812bde748e,sat_validated
chc-comp-2026/hopv/lia/termination/CE-0CFA01_000.smt2,1544b7b313926b114d135293199019e92cc0703cf57ba65af42c6c28245eb4a4,chc-comp-2026,LIA-Lin,,,,,,https://github.com/chc-comp/chc-comp26-benchmarks,b4fa7a708e5863bbcdb5de50d692ead3a67cbedc,,family-balanced second expansion,chc-comp26-benchmarks-main.zip,912aa7b44471c9e1ed49ba0c2c034dcafa4300a821edaf3bf016618fd0e99b25,hopv/lia/termination/CE-0CFA01_000.yml,chc-comp-2026/hopv/lia/termination/CE-0CFA01_000.yml,f87300d1bb2daa3a157cc286465c2d4df1e7aa6c6e8dabc8f8772180af333511,sat_validated
chc-comp-2026/extra-small-lia/s_multipl_23_000.smt2,5b350fb52b1fd8cd18635f3a07a36107cf77f97d68d9d1ad604d65e7c2999408,chc-comp-2026,LIA-Lin,,,,,,https://github.com/chc-comp/chc-comp26-benchmarks,b4fa7a708e5863bbcdb5de50d692ead3a67cbedc,,family-balanced second expansion,chc-comp26-benchmarks-main.zip,912aa7b44471c9e1ed49ba0c2c034dcafa4300a821edaf3bf016618fd0e99b25,extra-small-lia/s_multipl_23_000.yml,chc-comp-2026/extra-small-lia/s_multipl_23_000.yml,bb57dd5e6b96aa97717699ec7ec721f79cb7abf70cc640d8471e958e99c89d29,sat
chc-comp-2026/eldarica-misc/LIA/reve/014-horn_000.smt2,0580957cb50ffa7f9cc2217576d4b4d86d573e06a75b3803ee3cbe879c6f8335,chc-comp-2026,LIA-Lin,,,,,,https://github.com/chc-comp/chc-comp26-benchmarks,b4fa7a708e5863bbcdb5de50d692ead3a67cbedc,,family-balanced 1500-input expansion,chc-comp26-benchmarks-main.zip,912aa7b44471c9e1ed49ba0c2c034dcafa4300a821edaf3bf016618fd0e99b25,eldarica-misc/LIA/reve/014-horn_000.smt2,chc-comp-2026/eldarica-misc/LIA/reve/014-horn_000.yml,64b38c0eab820ba78ecbc545ff8c5309368e0834202784ab3fd2afb9088353bf,sat_validated
chc-comp-2026/rust-horn/simple-5-hhk2008_000.smt2,cc62c4437372eda71474d25ef9880e2dec802b354e2ed4c9cf13377c81d1ae1f,chc-comp-2026,LIA-Lin,,,,,,https://github.com/chc-comp/chc-comp26-benchmarks,b4fa7a708e5863bbcdb5de50d692ead3a67cbedc,,family-balanced 1500-input expansion,chc-comp26-benchmarks-main.zip,912aa7b44471c9e1ed49ba0c2c034dcafa4300a821edaf3bf016618fd0e99b25,rust-horn/simple-5-hhk2008_000.smt2,chc-comp-2026/rust-horn/simple-5-hhk2008_000.yml,cc1cb2342ad3aab88a3fdd52fa930ac43766fa6af4d676b42a330fcd139bcb53,sat_validated
chc-comp-2026/hcai-bench/svcomp/O0/O0_nec20_false-unreach-call_true-termination_000.smt2,996e36b12e362c0c3147af565476418faeeafaef23f12010b92dbd4d6db834d9,chc-comp-2026,LIA-Lin,,,,,,https://github.com/chc-comp/chc-comp26-benchmarks,b4fa7a708e5863bbcdb5de50d692ead3a67cbedc,,family-balanced 1500-input expansion,chc-comp26-benchmarks-main.zip,912aa7b44471c9e1ed49ba0c2c034dcafa4300a821edaf3bf016618fd0e99b25,hcai-bench/svcomp/O0/O0_nec20_false-unreach-call_true-termination_000.smt2,chc-comp-2026/hcai-bench/svcomp/O0/O0_nec20_false-unreach-call_true-termination_000.yml,b70f3a24c98e1c0f78a52183217e0b2d78e946ebafd30fb2a4e9bc3de79b730e,unsat
