path,sha256,source,category,features,archive,archive_sha256,source_url,source_revision,task_id,metadata_path,metadata_sha256,recorded_status
smt-lib-2025/QF_UFLIA/TwoSquares/smtlib.639533.smt2,b165eef94ffb2e77a894b718852060b2a140c2791cb18ae8650b57fd15af8d22,smt-lib-2025/QF_UFLIA,QF_UFLIA,family-balanced second expansion,QF_UFLIA.tar.zst,ae14e65e575652b02b7bbac91784726fb70f2b2000acbec2c33f6aaa68ed5c1b,https://zenodo.org/records/16740866,,TwoSquares/smtlib.639533.smt2,,,sat
smt-lib-2025/QF_UFLIA/mathsat/Hash/hash_sat_04_14.smt2,dd327e44a311cdddab4a321134d302dd732d875bc28c3d75128c8bb7f8411402,smt-lib-2025/QF_UFLIA,QF_UFLIA,family-balanced second expansion,QF_UFLIA.tar.zst,ae14e65e575652b02b7bbac91784726fb70f2b2000acbec2c33f6aaa68ed5c1b,https://zenodo.org/records/16740866,,mathsat/Hash/hash_sat_04_14.smt2,,,sat
smt-lib-2025/QF_UFLIA/wisas/xs_12_17.smt2,d7543778885fc4f929bc27e868ccc6e00043084e8102bfa467c56cbb0ca71b91,smt-lib-2025/QF_UFLIA,QF_UFLIA,family-balanced second expansion,QF_UFLIA.tar.zst,ae14e65e575652b02b7bbac91784726fb70f2b2000acbec2c33f6aaa68ed5c1b,https://zenodo.org/records/16740866,,wisas/xs_12_17.smt2,,,sat
smt-lib-2025/QF_UFLIA/TwoSquares/smtlib.606691.smt2,c7e913fc8e0815b128f5a6464a8d53a5ed96186ba92f638fb3ea9ef7915d7e73,smt-lib-2025/QF_UFLIA,QF_UFLIA,family-balanced second expansion,QF_UFLIA.tar.zst,ae14e65e575652b02b7bbac91784726fb70f2b2000acbec2c33f6aaa68ed5c1b,https://zenodo.org/records/16740866,,TwoSquares/smtlib.606691.smt2,,,unsat
smt-lib-2025/QF_UFLIA/mathsat/Wisa/xs-18-15-4-1-3-1.smt2,dd19126f8099ad66a1402f68b5549990ce7983e001747a35f07cc322744bc26e,smt-lib-2025/QF_UFLIA,QF_UFLIA,family-balanced second expansion,QF_UFLIA.tar.zst,ae14e65e575652b02b7bbac91784726fb70f2b2000acbec2c33f6aaa68ed5c1b,https://zenodo.org/records/16740866,,mathsat/Wisa/xs-18-15-4-1-3-1.smt2,,,sat
smt-lib-2025/QF_UFLIA/wisas/xs_14_19.smt2,be3571282fd94e83d9c7775e17a0e0df4bf2fc28e2674f4bf88c46f7d919a2c4,smt-lib-2025/QF_UFLIA,QF_UFLIA,family-balanced second expansion,QF_UFLIA.tar.zst,ae14e65e575652b02b7bbac91784726fb70f2b2000acbec2c33f6aaa68ed5c1b,https://zenodo.org/records/16740866,,wisas/xs_14_19.smt2,,,sat
smt-lib-2025/QF_UFLIA/TwoSquares/smtlib.666105.smt2,d6b699f8e793078c00072a53db6dc0dac5d2cd02ed8ab50381630865b87032ae,smt-lib-2025/QF_UFLIA,QF_UFLIA,family-balanced second expansion,QF_UFLIA.tar.zst,ae14e65e575652b02b7bbac91784726fb70f2b2000acbec2c33f6aaa68ed5c1b,https://zenodo.org/records/16740866,,TwoSquares/smtlib.666105.smt2,,,unsat
smt-lib-2025/QF_UFLIA/mathsat/Hash/hash_uns_04_17.smt2,a39fa96e522b3d33b3c3fd5293e0b7ff2a993aee003708ad458e90998ef832d1,smt-lib-2025/QF_UFLIA,QF_UFLIA,family-balanced second expansion,QF_UFLIA.tar.zst,ae14e65e575652b02b7bbac91784726fb70f2b2000acbec2c33f6aaa68ed5c1b,https://zenodo.org/records/16740866,,mathsat/Hash/hash_uns_04_17.smt2,,,unsat
smt-lib-2025/QF_UFLIA/wisas/xs_24_34.smt2,8715043e877ac176c3fc181bb94989a118890206d372b01c0b26e64c5f35b174,smt-lib-2025/QF_UFLIA,QF_UFLIA,family-balanced second expansion,QF_UFLIA.tar.zst,ae14e65e575652b02b7bbac91784726fb70f2b2000acbec2c33f6aaa68ed5c1b,https://zenodo.org/records/16740866,,wisas/xs_24_34.smt2,,,sat
smt-lib-2025/QF_UFLIA/TwoSquares/smtlib.686056.smt2,62404837bfae84fff427ef123db0830622c5200b6042df984f3afdde67094c10,smt-lib-2025/QF_UFLIA,QF_UFLIA,family-balanced second expansion,QF_UFLIA.tar.zst,ae14e65e575652b02b7bbac91784726fb70f2b2000acbec2c33f6aaa68ed5c1b,https://zenodo.org/records/16740866,,TwoSquares/smtlib.686056.smt2,,,unsat
smt-lib-2025/QF_UFLIA/mathsat/Hash/hash_uns_04_08.smt2,40d2dc63856f5f099af32f684f22a656513c06446bb51d56dee9697e32967247,smt-lib-2025/QF_UFLIA,QF_UFLIA,family-balanced second expansion,QF_UFLIA.tar.zst,ae14e65e575652b02b7bbac91784726fb70f2b2000acbec2c33f6aaa68ed5c1b,https://zenodo.org/records/16740866,,mathsat/Hash/hash_uns_04_08.smt2,,,unsat
smt-lib-2025/QF_UFLIA/wisas/xs_14_14.smt2,8a9d8469343fc0c0659353c04cfd8fd26f0d769844e5bccb584f630bdabcb53d,smt-lib-2025/QF_UFLIA,QF_UFLIA,family-balanced second expansion,QF_UFLIA.tar.zst,ae14e65e575652b02b7bbac91784726fb70f2b2000acbec2c33f6aaa68ed5c1b,https://zenodo.org/records/16740866,,wisas/xs_14_14.smt2,,,sat
smt-lib-2025/QF_UFLIA/TwoSquares/smtlib.602046.smt2,516af877b053dbcacbfb1b74150f886fa96c3442fb78aec3feb6a81857b966c9,smt-lib-2025/QF_UFLIA,QF_UFLIA,family-balanced second expansion,QF_UFLIA.tar.zst,ae14e65e575652b02b7bbac91784726fb70f2b2000acbec2c33f6aaa68ed5c1b,https://zenodo.org/records/16740866,,TwoSquares/smtlib.602046.smt2,,,unsat
smt-lib-2025/QF_UFLIA/mathsat/Wisa/xs-06-07-4-5-4-2.smt2,d632f548d2ebdd5e3a7b3de17b6893903ac656e19901981abb577baa27e720a8,smt-lib-2025/QF_UFLIA,QF_UFLIA,family-balanced second expansion,QF_UFLIA.tar.zst,ae14e65e575652b02b7bbac91784726fb70f2b2000acbec2c33f6aaa68ed5c1b,https://zenodo.org/records/16740866,,mathsat/Wisa/xs-06-07-4-5-4-2.smt2,,,sat
smt-lib-2025/QF_UFLIA/wisas/xs_21_21.smt2,884175b5cfa1860189e4eeec73b5f8fee70fee6fd383c6cb691c466791a3b38c,smt-lib-2025/QF_UFLIA,QF_UFLIA,family-balanced second expansion,QF_UFLIA.tar.zst,ae14e65e575652b02b7bbac91784726fb70f2b2000acbec2c33f6aaa68ed5c1b,https://zenodo.org/records/16740866,,wisas/xs_21_21.smt2,,,sat
smt-lib-2025/QF_UFLIA/TwoSquares/smtlib.666078.smt2,ff0d58b5331d074b57f964d6993b7a7b00d4c9d193d0deff5382b6e90bcd5f6c,smt-lib-2025/QF_UFLIA,QF_UFLIA,family-balanced second expansion,QF_UFLIA.tar.zst,ae14e65e575652b02b7bbac91784726fb70f2b2000acbec2c33f6aaa68ed5c1b,https://zenodo.org/records/16740866,,TwoSquares/smtlib.666078.smt2,,,unsat
smt-lib-2025/QF_UFLIA/mathsat/Hash/hash_sat_05_16.smt2,44433f0f9010b8e9742ab6c5f5365e8e8cf4ace6c0ed1422af432798a08df0a3,smt-lib-2025/QF_UFLIA,QF_UFLIA,family-balanced second expansion,QF_UFLIA.tar.zst,ae14e65e575652b02b7bbac91784726fb70f2b2000acbec2c33f6aaa68ed5c1b,https://zenodo.org/records/16740866,,mathsat/Hash/hash_sat_05_16.smt2,,,sat
smt-lib-2025/QF_AUFLIA/cvc/fb_var_12_11.smt2,83c1d025347d0af58cea1eb42281cacc6b4010d412d686609264293505e59061,smt-lib-2025/QF_AUFLIA,QF_AUFLIA,family-balanced second expansion,QF_AUFLIA.tar.zst,c2c164258ab5008b9b9142f64ed3dd0b39a1df7f24925216bb74a7b08fb541c1,https://zenodo.org/records/16740866,,cvc/fb_var_12_11.smt2,,,unsat
smt-lib-2025/QF_AUFLIA/swap/swap_invalid_t1_pp_sf_ai_00009_007.cvc.smt2,7c91f9680977d0c04b6f5c06a2f73bdcf4f30b0c86235c0cfb6164e8f4145c2c,smt-lib-2025/QF_AUFLIA,QF_AUFLIA,family-balanced second expansion,QF_AUFLIA.tar.zst,c2c164258ab5008b9b9142f64ed3dd0b39a1df7f24925216bb74a7b08fb541c1,https://zenodo.org/records/16740866,,swap/swap_invalid_t1_pp_sf_ai_00009_007.cvc.smt2,,,sat
smt-lib-2025/QF_AUFLIA/storeinv/storeinv_invalid_t1_pp_sf_ai_00005_001.cvc.smt2,e2f026bfbf48364858db9562244c5e80cc6852c867e8962c2a03c5686e56eb78,smt-lib-2025/QF_AUFLIA,QF_AUFLIA,family-balanced second expansion,QF_AUFLIA.tar.zst,c2c164258ab5008b9b9142f64ed3dd0b39a1df7f24925216bb74a7b08fb541c1,https://zenodo.org/records/16740866,,storeinv/storeinv_invalid_t1_pp_sf_ai_00005_001.cvc.smt2,,,sat
smt-lib-2025/QF_AUFLIA/storecomm/storecomm_invalid_t1_np_nf_ni_00030_008.cvc.smt2,24d4fcaf0d05b351aa320be491d83621bb329b0d4857079ce93bcc91c6b1b04f,smt-lib-2025/QF_AUFLIA,QF_AUFLIA,family-balanced second expansion,QF_AUFLIA.tar.zst,c2c164258ab5008b9b9142f64ed3dd0b39a1df7f24925216bb74a7b08fb541c1,https://zenodo.org/records/16740866,,storecomm/storecomm_invalid_t1_np_nf_ni_00030_008.cvc.smt2,,,sat
smt-lib-2025/QF_AUFLIA/20170829-Rodin/smt4053218693677797575.smt2,0dbfb3a5dab7a056c3c416a28fd1132450db71f1b80be6d4cd3d7cded07cbbae,smt-lib-2025/QF_AUFLIA,QF_AUFLIA,family-balanced second expansion,QF_AUFLIA.tar.zst,c2c164258ab5008b9b9142f64ed3dd0b39a1df7f24925216bb74a7b08fb541c1,https://zenodo.org/records/16740866,,20170829-Rodin/smt4053218693677797575.smt2,,,unsat
smt-lib-2025/QF_AUFLIA/swap/swap_t3_pp_nf_ai_00004_009.cvc.smt2,d49a66b9cb37c05cd0627edbca8528e6a8e57ce0a87a4cada967b946475fac5d,smt-lib-2025/QF_AUFLIA,QF_AUFLIA,family-balanced second expansion,QF_AUFLIA.tar.zst,c2c164258ab5008b9b9142f64ed3dd0b39a1df7f24925216bb74a7b08fb541c1,https://zenodo.org/records/16740866,,swap/swap_t3_pp_nf_ai_00004_009.cvc.smt2,,,unsat
smt-lib-2025/QF_AUFLIA/storeinv/storeinv_t1_pp_nf_ai_00010_001.cvc.smt2,b69a644bc542992b282e448fc1b278010d5b998aa8c7d1ea306aac8e4c1a3012,smt-lib-2025/QF_AUFLIA,QF_AUFLIA,family-balanced second expansion,QF_AUFLIA.tar.zst,c2c164258ab5008b9b9142f64ed3dd0b39a1df7f24925216bb74a7b08fb541c1,https://zenodo.org/records/16740866,,storeinv/storeinv_t1_pp_nf_ai_00010_001.cvc.smt2,,,unsat
smt-lib-2025/QF_AUFLIA/cvc/pp-pc-s2i.smt2,b0e13386fa3b93fd4efb62eb4f7b8f127a29dd7da2c595d85b965f630b13ce4d,smt-lib-2025/QF_AUFLIA,QF_AUFLIA,family-balanced second expansion,QF_AUFLIA.tar.zst,c2c164258ab5008b9b9142f64ed3dd0b39a1df7f24925216bb74a7b08fb541c1,https://zenodo.org/records/16740866,,cvc/pp-pc-s2i.smt2,,,unsat
smt-lib-2025/QF_AUFLIA/storecomm/storecomm_t1_pp_nf_ni_00020_001.cvc.smt2,095b6414aff07762745a2cd40e28ed0692bbca8e2a003f434f5d6bd393c244a9,smt-lib-2025/QF_AUFLIA,QF_AUFLIA,family-balanced second expansion,QF_AUFLIA.tar.zst,c2c164258ab5008b9b9142f64ed3dd0b39a1df7f24925216bb74a7b08fb541c1,https://zenodo.org/records/16740866,,storecomm/storecomm_t1_pp_nf_ni_00020_001.cvc.smt2,,,unsat
smt-lib-2025/QF_AUFLIA/20170829-Rodin/smt6395525940490892471.smt2,aac7ea0fdf0b17ce2c027e0cfe7ebed6bbb8b753d41c0d725ba13c9b4eeb1cbf,smt-lib-2025/QF_AUFLIA,QF_AUFLIA,family-balanced second expansion,QF_AUFLIA.tar.zst,c2c164258ab5008b9b9142f64ed3dd0b39a1df7f24925216bb74a7b08fb541c1,https://zenodo.org/records/16740866,,20170829-Rodin/smt6395525940490892471.smt2,,,unsat
smt-lib-2025/QF_AUFLIA/swap/swap_t3_pp_sf_ai_00009_006.cvc.smt2,26a02cea953e1c7c0974187a191da97d1e5df1f1196ccdec6ad47f9bdafbeb16,smt-lib-2025/QF_AUFLIA,QF_AUFLIA,family-balanced second expansion,QF_AUFLIA.tar.zst,c2c164258ab5008b9b9142f64ed3dd0b39a1df7f24925216bb74a7b08fb541c1,https://zenodo.org/records/16740866,,swap/swap_t3_pp_sf_ai_00009_006.cvc.smt2,,,unsat
smt-lib-2025/QF_AUFLIA/storeinv/storeinv_t1_pp_nf_ai_00002_001.cvc.smt2,80660c8ead640016c1db88acc55664ded0d88112f1206a41a61c0e3cfb0666c9,smt-lib-2025/QF_AUFLIA,QF_AUFLIA,family-balanced second expansion,QF_AUFLIA.tar.zst,c2c164258ab5008b9b9142f64ed3dd0b39a1df7f24925216bb74a7b08fb541c1,https://zenodo.org/records/16740866,,storeinv/storeinv_t1_pp_nf_ai_00002_001.cvc.smt2,,,unsat
smt-lib-2025/QF_AUFLIA/cvc/add4.smt2,9b0be58028928695adbff3010ce3f111e67727254f97686406d41d0fc7a77581,smt-lib-2025/QF_AUFLIA,QF_AUFLIA,family-balanced second expansion,QF_AUFLIA.tar.zst,c2c164258ab5008b9b9142f64ed3dd0b39a1df7f24925216bb74a7b08fb541c1,https://zenodo.org/records/16740866,,cvc/add4.smt2,,,unsat
smt-lib-2025/QF_AUFLIA/storecomm/storecomm_t3_pp_nf_ai_00020_001.cvc.smt2,a19f983dfb1c6fe58f3382e9f8279041ff8d4e4f6c43186411854df438d1ba5a,smt-lib-2025/QF_AUFLIA,QF_AUFLIA,family-balanced second expansion,QF_AUFLIA.tar.zst,c2c164258ab5008b9b9142f64ed3dd0b39a1df7f24925216bb74a7b08fb541c1,https://zenodo.org/records/16740866,,storecomm/storecomm_t3_pp_nf_ai_00020_001.cvc.smt2,,,unsat
smt-lib-2025/QF_AUFLIA/20170829-Rodin/smt6614798558121277247.smt2,72cdd2595a2144c184b60a865978a39ef16f9af0f46d274802b64a23f7b39652,smt-lib-2025/QF_AUFLIA,QF_AUFLIA,family-balanced second expansion,QF_AUFLIA.tar.zst,c2c164258ab5008b9b9142f64ed3dd0b39a1df7f24925216bb74a7b08fb541c1,https://zenodo.org/records/16740866,,20170829-Rodin/smt6614798558121277247.smt2,,,sat
smt-lib-2025/QF_AUFLIA/swap/swap_t3_pp_sf_ai_00003_004.cvc.smt2,8804cd5f414f26b53ac40c2736410f95f63b00083d327f622bd072095d6217fc,smt-lib-2025/QF_AUFLIA,QF_AUFLIA,family-balanced second expansion,QF_AUFLIA.tar.zst,c2c164258ab5008b9b9142f64ed3dd0b39a1df7f24925216bb74a7b08fb541c1,https://zenodo.org/records/16740866,,swap/swap_t3_pp_sf_ai_00003_004.cvc.smt2,,,unsat
smt-lib-2025/QF_DT/20230720-blocksworld/blocksworld_from_0_2_1_to_3_0_0_negated_goal_bmc_1.smt2,b347bb07f42d830ec5bc812b207e3b5cf21459abc327441f51fb3c6b978b99ac,smt-lib-2025/QF_DT,QF_DT,family-balanced second expansion,QF_DT.tar.zst,13bf882fceec9979ba4ea80333b994eeff0fcf4e046fb93d7b5d1518e704e4fb,https://zenodo.org/records/16740866,,20230720-blocksworld/blocksworld_from_0_2_1_to_3_0_0_negated_goal_bmc_1.smt2,,,unsat
smt-lib-2025/QF_DT/20172804-Barrett/barrett-jsat/typed/v1/typed_v1l60019.cvc.smt2,0e11b64c105e734d82d566ff327e8fabc0830f21fcf687f568db12121bb48805,smt-lib-2025/QF_DT,QF_DT,family-balanced second expansion,QF_DT.tar.zst,13bf882fceec9979ba4ea80333b994eeff0fcf4e046fb93d7b5d1518e704e4fb,https://zenodo.org/records/16740866,,20172804-Barrett/barrett-jsat/typed/v1/typed_v1l60019.cvc.smt2,,,unsat
smt-lib-2025/QF_DT/20230720-blocksworld/blocksworld_from_1_7_5_to_6_4_3_negated_goal_bmc_3.smt2,8eb3e4341f4613b84055087fb38c0624a2e609cc9be449fe4eb5f6c92ffb4e21,smt-lib-2025/QF_DT,QF_DT,family-balanced second expansion,QF_DT.tar.zst,13bf882fceec9979ba4ea80333b994eeff0fcf4e046fb93d7b5d1518e704e4fb,https://zenodo.org/records/16740866,,20230720-blocksworld/blocksworld_from_1_7_5_to_6_4_3_negated_goal_bmc_3.smt2,,,unsat
smt-lib-2025/QF_DT/20172804-Barrett/barrett-jsat/tests/v10/v10l90007.cvc.smt2,2938a1412902e0f357215f8028c9016f0445e5c6d2b848fb7e463c5fb6df2f21,smt-lib-2025/QF_DT,QF_DT,family-balanced second expansion,QF_DT.tar.zst,13bf882fceec9979ba4ea80333b994eeff0fcf4e046fb93d7b5d1518e704e4fb,https://zenodo.org/records/16740866,,20172804-Barrett/barrett-jsat/tests/v10/v10l90007.cvc.smt2,,,unsat
smt-lib-2025/QF_DT/20230720-blocksworld/blocksworld_from_2_0_5_to_2_1_4_negated_goal_bmc_2.smt2,9abb26a8c63318a4d9c9bb890a85355c27b5c0d9771c1c5505b804f894f03daf,smt-lib-2025/QF_DT,QF_DT,family-balanced second expansion,QF_DT.tar.zst,13bf882fceec9979ba4ea80333b994eeff0fcf4e046fb93d7b5d1518e704e4fb,https://zenodo.org/records/16740866,,20230720-blocksworld/blocksworld_from_2_0_5_to_2_1_4_negated_goal_bmc_2.smt2,,,unsat
smt-lib-2025/QF_DT/20172804-Barrett/barrett-jsat/typed/v1/typed_v1l40069.cvc.smt2,e644eb8c2cd04e8cb599486bf86d190c59271121e912576799327a1440859a22,smt-lib-2025/QF_DT,QF_DT,family-balanced second expansion,QF_DT.tar.zst,13bf882fceec9979ba4ea80333b994eeff0fcf4e046fb93d7b5d1518e704e4fb,https://zenodo.org/records/16740866,,20172804-Barrett/barrett-jsat/typed/v1/typed_v1l40069.cvc.smt2,,,sat
smt-lib-2025/QF_DT/20230720-blocksworld/blocksworld_from_23_1_0_to_8_9_7_negated_goal_bmc_1.smt2,9007ed433a3b34861717bb216ba6857e005668bf0e35b5eefafd940cbdfb55b2,smt-lib-2025/QF_DT,QF_DT,family-balanced second expansion,QF_DT.tar.zst,13bf882fceec9979ba4ea80333b994eeff0fcf4e046fb93d7b5d1518e704e4fb,https://zenodo.org/records/16740866,,20230720-blocksworld/blocksworld_from_23_1_0_to_8_9_7_negated_goal_bmc_1.smt2,,,unsat
smt-lib-2025/QF_DT/20172804-Barrett/barrett-jsat/typed/v5/typed_v5l90061.cvc.smt2,364f82b37d7b5aa8c427cd1f8e590de74aedd21a75ef4fc9b4654bc20d617e3c,smt-lib-2025/QF_DT,QF_DT,family-balanced second expansion,QF_DT.tar.zst,13bf882fceec9979ba4ea80333b994eeff0fcf4e046fb93d7b5d1518e704e4fb,https://zenodo.org/records/16740866,,20172804-Barrett/barrett-jsat/typed/v5/typed_v5l90061.cvc.smt2,,,unsat
smt-lib-2025/QF_DT/20230720-blocksworld/blocksworld_from_1_2_10_to_13_0_0_negated_goal_bmc_3.smt2,60ec8a31bcfa55f5d0e835d8fa0dee1d1773cbf374312a1b0648250084bea05a,smt-lib-2025/QF_DT,QF_DT,family-balanced second expansion,QF_DT.tar.zst,13bf882fceec9979ba4ea80333b994eeff0fcf4e046fb93d7b5d1518e704e4fb,https://zenodo.org/records/16740866,,20230720-blocksworld/blocksworld_from_1_2_10_to_13_0_0_negated_goal_bmc_3.smt2,,,unsat
smt-lib-2025/QF_DT/20172804-Barrett/barrett-jsat/tests/v3/v3l40096.cvc.smt2,914e8d232d097df1b5c7d4c0ee84c617e5118a324bf3de3fe320946470435d90,smt-lib-2025/QF_DT,QF_DT,family-balanced second expansion,QF_DT.tar.zst,13bf882fceec9979ba4ea80333b994eeff0fcf4e046fb93d7b5d1518e704e4fb,https://zenodo.org/records/16740866,,20172804-Barrett/barrett-jsat/tests/v3/v3l40096.cvc.smt2,,,sat
smt-lib-2025/QF_DT/20230720-blocksworld/blocksworld_from_5_21_0_to_20_6_0_negated_goal_bmc_1.smt2,70531efb4309ea98a481759b073493191146b1013cb6903bfaf10da51bc8bfa7,smt-lib-2025/QF_DT,QF_DT,family-balanced second expansion,QF_DT.tar.zst,13bf882fceec9979ba4ea80333b994eeff0fcf4e046fb93d7b5d1518e704e4fb,https://zenodo.org/records/16740866,,20230720-blocksworld/blocksworld_from_5_21_0_to_20_6_0_negated_goal_bmc_1.smt2,,,unsat
smt-lib-2025/QF_DT/20172804-Barrett/barrett-jsat/typed/v10/typed_v10l70085.cvc.smt2,98b28928a260e10308ca9ae4ed5431e19d9fc6ab213cdc3b4f41e7bfe8a80b6f,smt-lib-2025/QF_DT,QF_DT,family-balanced second expansion,QF_DT.tar.zst,13bf882fceec9979ba4ea80333b994eeff0fcf4e046fb93d7b5d1518e704e4fb,https://zenodo.org/records/16740866,,20172804-Barrett/barrett-jsat/typed/v10/typed_v10l70085.cvc.smt2,,,unsat
smt-lib-2025/QF_DT/20230720-blocksworld/blocksworld_from_1_2_1_to_1_3_0_negated_goal_bmc_3.smt2,e7e10232b72c6367c3b77b658af524de1603d4e33aa494a70da04dddfbf9ee73,smt-lib-2025/QF_DT,QF_DT,family-balanced second expansion,QF_DT.tar.zst,13bf882fceec9979ba4ea80333b994eeff0fcf4e046fb93d7b5d1518e704e4fb,https://zenodo.org/records/16740866,,20230720-blocksworld/blocksworld_from_1_2_1_to_1_3_0_negated_goal_bmc_3.smt2,,,sat
smt-lib-2025/QF_DT/20172804-Barrett/barrett-jsat/tests/v10/v10l40046.cvc.smt2,0f5775a0d8b1dcb0a6f4f3741268034537f3ab5a1382fc4a87c4a93581ff31e8,smt-lib-2025/QF_DT,QF_DT,family-balanced second expansion,QF_DT.tar.zst,13bf882fceec9979ba4ea80333b994eeff0fcf4e046fb93d7b5d1518e704e4fb,https://zenodo.org/records/16740866,,20172804-Barrett/barrett-jsat/tests/v10/v10l40046.cvc.smt2,,,sat
smt-lib-2025/QF_DT/20230720-blocksworld/blocksworld_from_18_0_3_to_4_13_4_negated_goal_bmc_3.smt2,f6d2c4b4d27d978cab18e40c26b55bb992b26efff0e553116c28c995c390555e,smt-lib-2025/QF_DT,QF_DT,family-balanced second expansion,QF_DT.tar.zst,13bf882fceec9979ba4ea80333b994eeff0fcf4e046fb93d7b5d1518e704e4fb,https://zenodo.org/records/16740866,,20230720-blocksworld/blocksworld_from_18_0_3_to_4_13_4_negated_goal_bmc_3.smt2,,,unsat
smt-lib-2025/QF_DT/20172804-Barrett/barrett-jsat/tests/v10/v10l50084.cvc.smt2,94823ea261a9abfd7a50485371b268d0b27ddce7bd42527b54d675fbd8fd1b17,smt-lib-2025/QF_DT,QF_DT,family-balanced second expansion,QF_DT.tar.zst,13bf882fceec9979ba4ea80333b994eeff0fcf4e046fb93d7b5d1518e704e4fb,https://zenodo.org/records/16740866,,20172804-Barrett/barrett-jsat/tests/v10/v10l50084.cvc.smt2,,,sat
smt-lib-2025/QF_DT/20230720-blocksworld/blocksworld_from_0_2_0_to_2_0_0_negated_goal_bmc_3.smt2,0dd9d3de9e9bf9bbd7fd8ac2bdff5e202541af5ea92988ee08de42936bcfc8c3,smt-lib-2025/QF_DT,QF_DT,family-balanced second expansion,QF_DT.tar.zst,13bf882fceec9979ba4ea80333b994eeff0fcf4e046fb93d7b5d1518e704e4fb,https://zenodo.org/records/16740866,,20230720-blocksworld/blocksworld_from_0_2_0_to_2_0_0_negated_goal_bmc_3.smt2,,,sat
chc-comp-2026/aeval-unsafe/s_split_27_000.smt2,0f447b416b718f369be57b1093ca4c08ee10ee641c8bf5c2f0f1db8f01bfe405,chc-comp-2026,LIA-Lin,family-balanced second expansion,chc-comp26-benchmarks-main.zip,912aa7b44471c9e1ed49ba0c2c034dcafa4300a821edaf3bf016618fd0e99b25,https://github.com/chc-comp/chc-comp26-benchmarks,b4fa7a708e5863bbcdb5de50d692ead3a67cbedc,aeval-unsafe/s_split_27_000_001.yml,chc-comp-2026/aeval-unsafe/s_split_27_000_001.yml,74a26023240f2b6be258021a8504530b53de0f1e8d769d27ae269e48ba7c08a6,unsat
chc-comp-2026/llreve-bench/smt2/loop__fib_000.smt2,dadef6a933c8e4eb6aea7e25ce927cc5643f818da9d1c7bf64585dc520b43beb,chc-comp-2026,LIA-Lin,family-balanced second expansion,chc-comp26-benchmarks-main.zip,912aa7b44471c9e1ed49ba0c2c034dcafa4300a821edaf3bf016618fd0e99b25,https://github.com/chc-comp/chc-comp26-benchmarks,b4fa7a708e5863bbcdb5de50d692ead3a67cbedc,llreve-bench/smt2/loop__fib_000_002.yml,chc-comp-2026/llreve-bench/smt2/loop__fib_000_002.yml,a6b300503be3f8fb4e8a50d76f7a0d572666d188b83377c78939c1812bde748e,sat_validated
chc-comp-2026/hopv/lia/termination/CE-0CFA01_000.smt2,1544b7b313926b114d135293199019e92cc0703cf57ba65af42c6c28245eb4a4,chc-comp-2026,LIA-Lin,family-balanced second expansion,chc-comp26-benchmarks-main.zip,912aa7b44471c9e1ed49ba0c2c034dcafa4300a821edaf3bf016618fd0e99b25,https://github.com/chc-comp/chc-comp26-benchmarks,b4fa7a708e5863bbcdb5de50d692ead3a67cbedc,hopv/lia/termination/CE-0CFA01_000.yml,chc-comp-2026/hopv/lia/termination/CE-0CFA01_000.yml,f87300d1bb2daa3a157cc286465c2d4df1e7aa6c6e8dabc8f8772180af333511,sat_validated
chc-comp-2026/extra-small-lia/s_multipl_23_000.smt2,5b350fb52b1fd8cd18635f3a07a36107cf77f97d68d9d1ad604d65e7c2999408,chc-comp-2026,LIA-Lin,family-balanced second expansion,chc-comp26-benchmarks-main.zip,912aa7b44471c9e1ed49ba0c2c034dcafa4300a821edaf3bf016618fd0e99b25,https://github.com/chc-comp/chc-comp26-benchmarks,b4fa7a708e5863bbcdb5de50d692ead3a67cbedc,extra-small-lia/s_multipl_23_000.yml,chc-comp-2026/extra-small-lia/s_multipl_23_000.yml,bb57dd5e6b96aa97717699ec7ec721f79cb7abf70cc640d8471e958e99c89d29,sat
chc-comp-2026/synthesis/nay-horn/CONST_ite2_000.smt2,a5b7fa1a137611be549c35b86551bf74019dba8d1c2150efd37ac6833ebcd554,chc-comp-2026,LIA,family-balanced second expansion,chc-comp26-benchmarks-main.zip,912aa7b44471c9e1ed49ba0c2c034dcafa4300a821edaf3bf016618fd0e99b25,https://github.com/chc-comp/chc-comp26-benchmarks,b4fa7a708e5863bbcdb5de50d692ead3a67cbedc,synthesis/nay-horn/CONST_ite2_000.yml,chc-comp-2026/synthesis/nay-horn/CONST_ite2_000.yml,8008b30cc1065f899ed7c1753e853306c058cb2406b159a9610e782e76d7a683,sat_validated
chc-comp-2026/synthesis/nay-horn/IF_fg_mpg_example5_000.smt2,1c454ed4691933b5e40ef0ffd4b426c941ae74e2455916038f9623f72e41a63f,chc-comp-2026,LIA,family-balanced second expansion,chc-comp26-benchmarks-main.zip,912aa7b44471c9e1ed49ba0c2c034dcafa4300a821edaf3bf016618fd0e99b25,https://github.com/chc-comp/chc-comp26-benchmarks,b4fa7a708e5863bbcdb5de50d692ead3a67cbedc,synthesis/nay-horn/IF_fg_mpg_example5_000.yml,chc-comp-2026/synthesis/nay-horn/IF_fg_mpg_example5_000.yml,38d58d0bd92a826681cc870c9b5bbff11bdb3a8587b5a6f50f1b090fddbc5732,sat_validated
chc-comp-2026/ultimate/LIA-NonLin/13_unverif_simplified_000.smt2,51a59f39a3e6024fc4ee034a54746517e4b17dfca9e127d3dadcebc34714b9ff,chc-comp-2026,LIA,family-balanced second expansion,chc-comp26-benchmarks-main.zip,912aa7b44471c9e1ed49ba0c2c034dcafa4300a821edaf3bf016618fd0e99b25,https://github.com/chc-comp/chc-comp26-benchmarks,b4fa7a708e5863bbcdb5de50d692ead3a67cbedc,ultimate/LIA-NonLin/13_unverif_simplified_000.yml,chc-comp-2026/ultimate/LIA-NonLin/13_unverif_simplified_000.yml,9dde1fcf7248a2d274bd09fadf732bc8cb2ac7412e816c9548fcd5f9dffc86ca,sat_validated
chc-comp-2026/hopv/lia/mochi/mc91_99_000.smt2,8d2fc09285aea62f79fc7e06362e314f2954e1b3838d97cf0a46f9ef0bae01e7,chc-comp-2026,LIA,family-balanced second expansion,chc-comp26-benchmarks-main.zip,912aa7b44471c9e1ed49ba0c2c034dcafa4300a821edaf3bf016618fd0e99b25,https://github.com/chc-comp/chc-comp26-benchmarks,b4fa7a708e5863bbcdb5de50d692ead3a67cbedc,hopv/lia/mochi/mc91_99_000.yml,chc-comp-2026/hopv/lia/mochi/mc91_99_000.yml,a426ff7f520c1a391e9e22b1a908a3c860dce2c185cf2a16a97c2b785c84d8ad,sat_validated
chc-comp-2026/sally-chc-benchmarks/oral_messages/om1_with_relays_general_4_4_validity_000.smt2,851520469a88f9c43c246bed1ba8d2ecd9a7b323069a1ea015fa84af0513e087,chc-comp-2026,LRA-Lin,family-balanced second expansion,chc-comp26-benchmarks-main.zip,912aa7b44471c9e1ed49ba0c2c034dcafa4300a821edaf3bf016618fd0e99b25,https://github.com/chc-comp/chc-comp26-benchmarks,b4fa7a708e5863bbcdb5de50d692ead3a67cbedc,sally-chc-benchmarks/oral_messages/om1_with_relays_general_4_4_validity_000.yml,chc-comp-2026/sally-chc-benchmarks/oral_messages/om1_with_relays_general_4_4_validity_000.yml,09eace79c9ef81d97ae2edf92c70e8ec8a24fa6d832ec70a85b88a47fbd977ed,sat_validated
chc-comp-2026/sally-chc-benchmarks/oral_messages/om1_with_relays_general_4_3_validity_000.smt2,9356e64dd102f5e70fd83d812bf0dc3ee7dfa577d1dd2f45ccfe42811576e183,chc-comp-2026,LRA-Lin,family-balanced second expansion,chc-comp26-benchmarks-main.zip,912aa7b44471c9e1ed49ba0c2c034dcafa4300a821edaf3bf016618fd0e99b25,https://github.com/chc-comp/chc-comp26-benchmarks,b4fa7a708e5863bbcdb5de50d692ead3a67cbedc,sally-chc-benchmarks/oral_messages/om1_with_relays_general_4_3_validity_000.yml,chc-comp-2026/sally-chc-benchmarks/oral_messages/om1_with_relays_general_4_3_validity_000.yml,85e32dc0f0bb154377844fcf34960c689cf061644eabdce3b7b277743edafc3f,sat_validated
chc-comp-2026/sally-chc-benchmarks/oral_messages/om1_with_relays_validity_two_faults_000.smt2,c013332a20fae7bcad18004a3be7c9549abe65307b8cf7cce7f11761930455c4,chc-comp-2026,LRA-Lin,family-balanced second expansion,chc-comp26-benchmarks-main.zip,912aa7b44471c9e1ed49ba0c2c034dcafa4300a821edaf3bf016618fd0e99b25,https://github.com/chc-comp/chc-comp26-benchmarks,b4fa7a708e5863bbcdb5de50d692ead3a67cbedc,sally-chc-benchmarks/oral_messages/om1_with_relays_validity_two_faults_000.yml,chc-comp-2026/sally-chc-benchmarks/oral_messages/om1_with_relays_validity_two_faults_000.yml,cdc73473deb03d75d44f2f08e4456e00f2f4c73be597a0f1b4ef6a5d46782c47,sat_validated
chc-comp-2026/sally-chc-benchmarks/misc/inc_cas_prop2_000.smt2,5f97cbf0fc1c304b6e44fa85a0cccbd5ad48c49e312354f5af9fd3e7dbbe288a,chc-comp-2026,LRA-Lin,family-balanced second expansion,chc-comp26-benchmarks-main.zip,912aa7b44471c9e1ed49ba0c2c034dcafa4300a821edaf3bf016618fd0e99b25,https://github.com/chc-comp/chc-comp26-benchmarks,b4fa7a708e5863bbcdb5de50d692ead3a67cbedc,sally-chc-benchmarks/misc/inc_cas_prop2_000.yml,chc-comp-2026/sally-chc-benchmarks/misc/inc_cas_prop2_000.yml,944c51495b527c72d1cc0bb95854504e08d2ccdba311efb2d2fe2757d0994e37,sat_validated
chc-comp-2026/vmt-chc-benchmarks/bv/fragtest_simple.c_000.smt2,18fe6960a8aecd91bbadbb8f4c97e7cd0c0323e4109fcb48b1745a83cb35953a,chc-comp-2026,BV-Lin,family-balanced second expansion,chc-comp26-benchmarks-main.zip,912aa7b44471c9e1ed49ba0c2c034dcafa4300a821edaf3bf016618fd0e99b25,https://github.com/chc-comp/chc-comp26-benchmarks,b4fa7a708e5863bbcdb5de50d692ead3a67cbedc,vmt-chc-benchmarks/bv/fragtest_simple.c_000_000.yml,chc-comp-2026/vmt-chc-benchmarks/bv/fragtest_simple.c_000_000.yml,c6e74a690c8fd7633a347fde5b5acfdb4336f0dd085b6b4f34b2f4ca421dcbd8,sat_validated
chc-comp-2026/eldarica-misc/BV/reve/010b-bv_000.smt2,a79bc4a99dd5820d3884d47ef0a906fe556a05336b3ff3c6ca723b68e8e92d0b,chc-comp-2026,BV-Lin,family-balanced second expansion,chc-comp26-benchmarks-main.zip,912aa7b44471c9e1ed49ba0c2c034dcafa4300a821edaf3bf016618fd0e99b25,https://github.com/chc-comp/chc-comp26-benchmarks,b4fa7a708e5863bbcdb5de50d692ead3a67cbedc,eldarica-misc/BV/reve/010b-bv_000.yml,chc-comp-2026/eldarica-misc/BV/reve/010b-bv_000.yml,b7b3271146a8dc1a21c3cc20588402e0a708e818990bc78d4348c7a06094b200,unsat
chc-comp-2026/vmt-chc-benchmarks/bv/nest-if6.c_000.smt2,58ff2512abba3cf3c248720424e8430508a199e40badcc817aa36e4db71793a1,chc-comp-2026,BV-Lin,family-balanced second expansion,chc-comp26-benchmarks-main.zip,912aa7b44471c9e1ed49ba0c2c034dcafa4300a821edaf3bf016618fd0e99b25,https://github.com/chc-comp/chc-comp26-benchmarks,b4fa7a708e5863bbcdb5de50d692ead3a67cbedc,vmt-chc-benchmarks/bv/nest-if6.c_000_000.yml,chc-comp-2026/vmt-chc-benchmarks/bv/nest-if6.c_000_000.yml,1c79efab7ba1ee717d225e8e11f73738ab5ec2e2eae332c1bec8ba3bedd0835a,sat_validated
chc-comp-2026/eldarica-misc/BV/reve/014c-horn-bv_000.smt2,54411b56f1dadf06c7a8ce0cf39fc3afb309b00e0f4f79e3f08703bb2d64413d,chc-comp-2026,BV-Lin,family-balanced second expansion,chc-comp26-benchmarks-main.zip,912aa7b44471c9e1ed49ba0c2c034dcafa4300a821edaf3bf016618fd0e99b25,https://github.com/chc-comp/chc-comp26-benchmarks,b4fa7a708e5863bbcdb5de50d692ead3a67cbedc,eldarica-misc/BV/reve/014c-horn-bv_000.yml,chc-comp-2026/eldarica-misc/BV/reve/014c-horn-bv_000.yml,2c633c787c69cd0c786734d59494af484fab39c701293bfbcbae04837b0ef27b,unsat
chc-comp-2026/vmt-chc-benchmarks/bv/nested5.c_000.smt2,cb338b52ab8414bbac62e4362e36ddfc69d2273b7cd4bede0b86103a2a304994,chc-comp-2026,BV-Lin,family-balanced second expansion,chc-comp26-benchmarks-main.zip,912aa7b44471c9e1ed49ba0c2c034dcafa4300a821edaf3bf016618fd0e99b25,https://github.com/chc-comp/chc-comp26-benchmarks,b4fa7a708e5863bbcdb5de50d692ead3a67cbedc,vmt-chc-benchmarks/bv/nested5.c_000_000.yml,chc-comp-2026/vmt-chc-benchmarks/bv/nested5.c_000_000.yml,968f22efa5a6add376e762ed8c7178a952429a9f088bd36ee23cc3c1bcc0f929,sat_validated
chc-comp-2026/adt-purified-benchmarks/0-simple-04_recursive_unsat.Z3.0_000.smt2,d9859ddc1d8eaf362a71bd5b82019c3ba7467428445911640f58daa1bf2ccf0a,chc-comp-2026,ADT-LIA,family-balanced second expansion,chc-comp26-benchmarks-main.zip,912aa7b44471c9e1ed49ba0c2c034dcafa4300a821edaf3bf016618fd0e99b25,https://github.com/chc-comp/chc-comp26-benchmarks,b4fa7a708e5863bbcdb5de50d692ead3a67cbedc,adt-purified-benchmarks/0-simple-04_recursive_unsat.Z3.0_000.yml,chc-comp-2026/adt-purified-benchmarks/0-simple-04_recursive_unsat.Z3.0_000.yml,5c88dcb3fdf4f96b8d417955d1f2d41b39b7d383b7587885f79114c0b9942df9,sat_validated
chc-comp-2026/ringen-adt-benchmarks/tip2015/weird_nat_op_comm_comm_000.smt2,29d6d4e843c8fef2156030b6899c5000f78d43ecad353462a1a55e96c5b910cc,chc-comp-2026,ADT-LIA,family-balanced second expansion,chc-comp26-benchmarks-main.zip,912aa7b44471c9e1ed49ba0c2c034dcafa4300a821edaf3bf016618fd0e99b25,https://github.com/chc-comp/chc-comp26-benchmarks,b4fa7a708e5863bbcdb5de50d692ead3a67cbedc,ringen-adt-benchmarks/tip2015/weird_nat_op_comm_comm_000.yml,chc-comp-2026/ringen-adt-benchmarks/tip2015/weird_nat_op_comm_comm_000.yml,a96c262267ddf2497f0e310341d0d7d5d293c9dfb7b9d7ad560061c12186afea,sat_validated
chc-comp-2026/ringen-adt-benchmarks/isaplanner/prop_48_000.smt2,a938edea71d25496cb9677a86b1e9cee415f24534967351c3ca9ce373bc579ee,chc-comp-2026,ADT-LIA,family-balanced second expansion,chc-comp26-benchmarks-main.zip,912aa7b44471c9e1ed49ba0c2c034dcafa4300a821edaf3bf016618fd0e99b25,https://github.com/chc-comp/chc-comp26-benchmarks,b4fa7a708e5863bbcdb5de50d692ead3a67cbedc,ringen-adt-benchmarks/isaplanner/prop_48_000_000.yml,chc-comp-2026/ringen-adt-benchmarks/isaplanner/prop_48_000_000.yml,279cb03c17d7da31ebb8fcc8b23052b2697bbb2a8166868aa3d9a8cccc0bea57,sat
chc-comp-2026/ADTRem/clam/goal60_000.smt2,4f1b51aed200c159f445f7677817d334f85560a163711cc309756b9b6e03aa29,chc-comp-2026,ADT-LIA,family-balanced second expansion,chc-comp26-benchmarks-main.zip,912aa7b44471c9e1ed49ba0c2c034dcafa4300a821edaf3bf016618fd0e99b25,https://github.com/chc-comp/chc-comp26-benchmarks,b4fa7a708e5863bbcdb5de50d692ead3a67cbedc,ADTRem/clam/goal60_000_000.yml,chc-comp-2026/ADTRem/clam/goal60_000_000.yml,bd9a0c836c077a82ec6537ac52ae5dc5d3c8a5d8917d996d140d6fb6dfb8f14d,sat_validated
chc-comp-2026/hcai-bench/svcomp/O3/O3_sum04_false-unreach-call_true-termination_000.smt2,03f37c56763adc9d0dcc87965c79533dbf19f642b0e866c2743459944d0fa664,chc-comp-2026,BOOL,family-balanced second expansion,chc-comp26-benchmarks-main.zip,912aa7b44471c9e1ed49ba0c2c034dcafa4300a821edaf3bf016618fd0e99b25,https://github.com/chc-comp/chc-comp26-benchmarks,b4fa7a708e5863bbcdb5de50d692ead3a67cbedc,hcai-bench/svcomp/O3/O3_sum04_false-unreach-call_true-termination_000.yml,chc-comp-2026/hcai-bench/svcomp/O3/O3_sum04_false-unreach-call_true-termination_000.yml,c76e734fa6a3e4d802f32a3f5ca7c11ac46848903e3c10b434a9f403dd61a0b8,unknown
chc-comp-2026/kind2-chc-benchmarks/data/stalmark_e7_76_000.smt2,15a2f4f228b2ca4d06f873411044bfcd471f02d42527956bcc4e90d0eca74cda,chc-comp-2026,BOOL,family-balanced second expansion,chc-comp26-benchmarks-main.zip,912aa7b44471c9e1ed49ba0c2c034dcafa4300a821edaf3bf016618fd0e99b25,https://github.com/chc-comp/chc-comp26-benchmarks,b4fa7a708e5863bbcdb5de50d692ead3a67cbedc,kind2-chc-benchmarks/data/stalmark_e7_76_000_000.yml,chc-comp-2026/kind2-chc-benchmarks/data/stalmark_e7_76_000_000.yml,da4b4a2b98496c640d0bcf689ccaa7212aa37a2fa91afe6b1ee8a086b6297629,unknown
chc-comp-2026/kind2-chc-benchmarks/data/stalmark_000.smt2,2819115d5ef2b7af3340f80e2c10106ec5cc225275770317dfa459126e71476f,chc-comp-2026,BOOL,family-balanced second expansion,chc-comp26-benchmarks-main.zip,912aa7b44471c9e1ed49ba0c2c034dcafa4300a821edaf3bf016618fd0e99b25,https://github.com/chc-comp/chc-comp26-benchmarks,b4fa7a708e5863bbcdb5de50d692ead3a67cbedc,kind2-chc-benchmarks/data/stalmark_000_000.yml,chc-comp-2026/kind2-chc-benchmarks/data/stalmark_000_000.yml,2dc73efb056c4c68861cf22333cc1009b949386d6520d9579ec76f5826998ec2,unknown
chc-comp-2026/vmt-chc-benchmarks/lustre/production_cell_e8_6_e8_427_000.smt2,046dd3de2ec8bb78098e6254f481b6bb94624ded446a3f56909d0698605b9030,chc-comp-2026,BOOL,family-balanced second expansion,chc-comp26-benchmarks-main.zip,912aa7b44471c9e1ed49ba0c2c034dcafa4300a821edaf3bf016618fd0e99b25,https://github.com/chc-comp/chc-comp26-benchmarks,b4fa7a708e5863bbcdb5de50d692ead3a67cbedc,vmt-chc-benchmarks/lustre/production_cell_e8_6_e8_427_000_001.yml,chc-comp-2026/vmt-chc-benchmarks/lustre/production_cell_e8_6_e8_427_000_001.yml,2a50ccce73fd1266058b4b18ccca83110e3129724b7a2222f3cf9caa331a807c,unknown
chc-comp-2026/kind2-chc-benchmarks/data/production_cell_e7_207_e8_241_000.smt2,c666d00c6b1b50451dc1acc14fed2a79907325cb0e811a137e92f247fc661b07,chc-comp-2026,BOOL,family-balanced second expansion,chc-comp26-benchmarks-main.zip,912aa7b44471c9e1ed49ba0c2c034dcafa4300a821edaf3bf016618fd0e99b25,https://github.com/chc-comp/chc-comp26-benchmarks,b4fa7a708e5863bbcdb5de50d692ead3a67cbedc,kind2-chc-benchmarks/data/production_cell_e7_207_e8_241_000_000.yml,chc-comp-2026/kind2-chc-benchmarks/data/production_cell_e7_207_e8_241_000_000.yml,683f1053f5b33f95018570916d3d5b74d57beb3a9ea29de4e689b6ed3416f1f8,unknown
chc-comp-2026/eldarica-misc/BV/reve/022d-horn-bv_000.smt2,4245d0e4b39a5861f4185c0edb79031e6f5b8821d556a0a50798da0e64405873,chc-comp-2026,BV,family-balanced second expansion,chc-comp26-benchmarks-main.zip,912aa7b44471c9e1ed49ba0c2c034dcafa4300a821edaf3bf016618fd0e99b25,https://github.com/chc-comp/chc-comp26-benchmarks,b4fa7a708e5863bbcdb5de50d692ead3a67cbedc,eldarica-misc/BV/reve/022d-horn-bv_000.yml,chc-comp-2026/eldarica-misc/BV/reve/022d-horn-bv_000.yml,32a9a14ce5e0678005845075064f1837f9d54451c1dd9f3739d89f9752b13b7f,unsat
chc-comp-2026/eldarica-misc/BV/reve/022b-horn-bv_000.smt2,2444de56c589a155cbe27b536c3422a1d5e8dbdd79587eab4dde24a64f2cfeff,chc-comp-2026,BV,family-balanced second expansion,chc-comp26-benchmarks-main.zip,912aa7b44471c9e1ed49ba0c2c034dcafa4300a821edaf3bf016618fd0e99b25,https://github.com/chc-comp/chc-comp26-benchmarks,b4fa7a708e5863bbcdb5de50d692ead3a67cbedc,eldarica-misc/BV/reve/022b-horn-bv_000.yml,chc-comp-2026/eldarica-misc/BV/reve/022b-horn-bv_000.yml,c1cab0b2c8af8276a2080853158a63e5466d4117a07ba2ff24ed4338e5c7fc2f,unknown
chc-comp-2026/eldarica-misc/BV/Consistency/delauny-edge-flipping.7-bv_000.smt2,b5f781aa097ad5227c9c98fbb73c52a9a549415bc711c4f40e6ab794ea20d257,chc-comp-2026,BV,family-balanced second expansion,chc-comp26-benchmarks-main.zip,912aa7b44471c9e1ed49ba0c2c034dcafa4300a821edaf3bf016618fd0e99b25,https://github.com/chc-comp/chc-comp26-benchmarks,b4fa7a708e5863bbcdb5de50d692ead3a67cbedc,eldarica-misc/BV/Consistency/delauny-edge-flipping.7-bv_000.yml,chc-comp-2026/eldarica-misc/BV/Consistency/delauny-edge-flipping.7-bv_000.yml,c92fe76129c2c045d2d6536b9a89c8254a73a675b217cbfd4835142d63e14b3a,unsat
chc-comp-2026/eldarica-misc/BV/reve/006b-horn-bv_000.smt2,30bffa30771c7e94cbcb9444beaf979d6b0f8d83af1a8718dc4363d864423c36,chc-comp-2026,BV,family-balanced second expansion,chc-comp26-benchmarks-main.zip,912aa7b44471c9e1ed49ba0c2c034dcafa4300a821edaf3bf016618fd0e99b25,https://github.com/chc-comp/chc-comp26-benchmarks,b4fa7a708e5863bbcdb5de50d692ead3a67cbedc,eldarica-misc/BV/reve/006b-horn-bv_000.yml,chc-comp-2026/eldarica-misc/BV/reve/006b-horn-bv_000.yml,7a100d022a23cbde38182ebe0ab5b2fd38ce04113aeaad75c8aef906c7710d37,unknown
chc-comp-2026/eldarica-misc/BV/reve/021b-horn-bv_000.smt2,d411a3e4730fa77f2a36ef5ff619b41e2e134994cbbdf676ac6126d7d5b44bf5,chc-comp-2026,BV,family-balanced second expansion,chc-comp26-benchmarks-main.zip,912aa7b44471c9e1ed49ba0c2c034dcafa4300a821edaf3bf016618fd0e99b25,https://github.com/chc-comp/chc-comp26-benchmarks,b4fa7a708e5863bbcdb5de50d692ead3a67cbedc,eldarica-misc/BV/reve/021b-horn-bv_000.yml,chc-comp-2026/eldarica-misc/BV/reve/021b-horn-bv_000.yml,a80004e433ed2948e3f9318436ca561afbe5db2a6da5c4b7996feecf6b0ffdda,sat_validated
chc-comp-2026/kind2-chc-benchmarks/data/cruise_controller_16_000.smt2,d4dd87d1def1deccba5320216db1a210a9a2d0fd3200b8b0e678fec44ee89e48,chc-comp-2026,mixed_LIA_LRA,family-balanced second expansion,chc-comp26-benchmarks-main.zip,912aa7b44471c9e1ed49ba0c2c034dcafa4300a821edaf3bf016618fd0e99b25,https://github.com/chc-comp/chc-comp26-benchmarks,b4fa7a708e5863bbcdb5de50d692ead3a67cbedc,kind2-chc-benchmarks/data/cruise_controller_16_000.yml,chc-comp-2026/kind2-chc-benchmarks/data/cruise_controller_16_000.yml,61e06d440f74bab2c9353fb90135f6de03c91b37fb2f4c80269347418e5c7289,unknown
chc-comp-2026/kind2-chc-benchmarks/data/cruise_controller_17_000.smt2,3841e8a83cdf82b80a522684b580a9790a51be7cc40f0e62374769dcef067137,chc-comp-2026,mixed_LIA_LRA,family-balanced second expansion,chc-comp26-benchmarks-main.zip,912aa7b44471c9e1ed49ba0c2c034dcafa4300a821edaf3bf016618fd0e99b25,https://github.com/chc-comp/chc-comp26-benchmarks,b4fa7a708e5863bbcdb5de50d692ead3a67cbedc,kind2-chc-benchmarks/data/cruise_controller_17_000.yml,chc-comp-2026/kind2-chc-benchmarks/data/cruise_controller_17_000.yml,9c1f8bf20f13c1d7c6e11909f86d151ca31b49d2219a89317329af8257f84d5e,unknown
chc-comp-2026/kind2-chc-benchmarks/data/cruise_controller_05_000.smt2,d0e5766491409d5c78ff4727cb144d3992057053b1fe3a714d508f80c2d17214,chc-comp-2026,mixed_LIA_LRA,family-balanced second expansion,chc-comp26-benchmarks-main.zip,912aa7b44471c9e1ed49ba0c2c034dcafa4300a821edaf3bf016618fd0e99b25,https://github.com/chc-comp/chc-comp26-benchmarks,b4fa7a708e5863bbcdb5de50d692ead3a67cbedc,kind2-chc-benchmarks/data/cruise_controller_05_000.yml,chc-comp-2026/kind2-chc-benchmarks/data/cruise_controller_05_000.yml,1ea46b2dd1b1bb090117640bf1af93da2175bf970d78484e9efd824e92f24ef3,unknown
chc-comp-2026/kind2-chc-benchmarks/data/cruise_controller_06_000.smt2,b61d7b39c2cd764999fcd572795f6c0c759c51e02fe6d043b5697b3ae0048785,chc-comp-2026,mixed_LIA_LRA,family-balanced second expansion,chc-comp26-benchmarks-main.zip,912aa7b44471c9e1ed49ba0c2c034dcafa4300a821edaf3bf016618fd0e99b25,https://github.com/chc-comp/chc-comp26-benchmarks,b4fa7a708e5863bbcdb5de50d692ead3a67cbedc,kind2-chc-benchmarks/data/cruise_controller_06_000.yml,chc-comp-2026/kind2-chc-benchmarks/data/cruise_controller_06_000.yml,6f57c3409b9590859c63c9f1aaa54ab009f95950b955f0be23766ddce2a4ef77,unknown
chc-comp-2026/solidity/no_adts/unit_tests/typecast/string_literal_to_fixed_bytes_constant_initialization_2.sol_0_no_adts_000.smt2,4936134323771cfe1fd4a91188400066664e9ec06b2a3f2e282784988c68e879,chc-comp-2026,LIA-Arrays,family-balanced second expansion,chc-comp26-benchmarks-main.zip,912aa7b44471c9e1ed49ba0c2c034dcafa4300a821edaf3bf016618fd0e99b25,https://github.com/chc-comp/chc-comp26-benchmarks,b4fa7a708e5863bbcdb5de50d692ead3a67cbedc,solidity/no_adts/unit_tests/typecast/string_literal_to_fixed_bytes_constant_initialization_2.sol_0_no_adts_000.yml,chc-comp-2026/solidity/no_adts/unit_tests/typecast/string_literal_to_fixed_bytes_constant_initialization_2.sol_0_no_adts_000.yml,e85719f7ad1cc134e175b830043683a051d71246a2e1db270086747189fd73a5,sat_validated
chc-comp-2026/ultimate/Lia-NonLinArrays/05_tas_simplified_000.smt2,85c23f633bfdbebfdf190bc7576ac6a0dba9d46862cc75959992a20e9054efa4,chc-comp-2026,LIA-Arrays,family-balanced second expansion,chc-comp26-benchmarks-main.zip,912aa7b44471c9e1ed49ba0c2c034dcafa4300a821edaf3bf016618fd0e99b25,https://github.com/chc-comp/chc-comp26-benchmarks,b4fa7a708e5863bbcdb5de50d692ead3a67cbedc,ultimate/Lia-NonLinArrays/05_tas_simplified_000_001.yml,chc-comp-2026/ultimate/Lia-NonLinArrays/05_tas_simplified_000_001.yml,1d617a0197e2ddb0f7ac0ad8fdb68bcfda6cbc62c46d86d1050f2c130a9beab7,unsat
chc-comp-2026/hcai-bench/svcomp/O0/O0_veris.c_OpenSER__cases1_stripFullBoth_arr_true-unreach-call_true-termination_000.smt2,5c0289698c595dd867f64346c30ca65d595bbc5ea90332a8339adb7b1d84e5ac,chc-comp-2026,LIA-Arrays,family-balanced second expansion,chc-comp26-benchmarks-main.zip,912aa7b44471c9e1ed49ba0c2c034dcafa4300a821edaf3bf016618fd0e99b25,https://github.com/chc-comp/chc-comp26-benchmarks,b4fa7a708e5863bbcdb5de50d692ead3a67cbedc,hcai-bench/svcomp/O0/O0_veris.c_OpenSER__cases1_stripFullBoth_arr_true-unreach-call_true-termination_000.yml,chc-comp-2026/hcai-bench/svcomp/O0/O0_veris.c_OpenSER__cases1_stripFullBoth_arr_true-unreach-call_true-termination_000.yml,fc31301c5b90c22b4230f59c9ebcd183c7e17ed58bc4f8673050f2cb0706a0e2,sat_validated
chc-comp-2026/solidity/no_adts/unit_tests/special/msg_value_4.sol_1_no_adts_000.smt2,4e108e22efb73128ea7e01841ebf456decf8a65cf8ac4d7d472a3c236acc7637,chc-comp-2026,LIA-Arrays,family-balanced second expansion,chc-comp26-benchmarks-main.zip,912aa7b44471c9e1ed49ba0c2c034dcafa4300a821edaf3bf016618fd0e99b25,https://github.com/chc-comp/chc-comp26-benchmarks,b4fa7a708e5863bbcdb5de50d692ead3a67cbedc,solidity/no_adts/unit_tests/special/msg_value_4.sol_1_no_adts_000.yml,chc-comp-2026/solidity/no_adts/unit_tests/special/msg_value_4.sol_1_no_adts_000.yml,685f9b0c3e7463136a86095e0188413e56df9fd39968bbe5f91906c3c6220171,unsat
chc-comp-2026/hcai-bench/svcomp/O0/O0_eureka_01_false-unreach-call_000.smt2,c64e5e9ed46b6eb23272fbf1fc379cc688273f4b3e1c6bcdeb99696838ae2f06,chc-comp-2026,LIA-Arrays,family-balanced second expansion,chc-comp26-benchmarks-main.zip,912aa7b44471c9e1ed49ba0c2c034dcafa4300a821edaf3bf016618fd0e99b25,https://github.com/chc-comp/chc-comp26-benchmarks,b4fa7a708e5863bbcdb5de50d692ead3a67cbedc,hcai-bench/svcomp/O0/O0_eureka_01_false-unreach-call_000.yml,chc-comp-2026/hcai-bench/svcomp/O0/O0_eureka_01_false-unreach-call_000.yml,e1020b5da71b7f59c65147473f67a18fd0d895f1d7ee8aedb6141949f45974f7,unsat
chc-comp-2026/quic3/data/standard_init6_true-unreach-call_ground_000.smt2,e3b4ebe24c0d640f12a9bcef083c3258c2db55a2934fdee39bbac639dedb1964,chc-comp-2026,LIA-Lin-Arrays,family-balanced second expansion,chc-comp26-benchmarks-main.zip,912aa7b44471c9e1ed49ba0c2c034dcafa4300a821edaf3bf016618fd0e99b25,https://github.com/chc-comp/chc-comp26-benchmarks,b4fa7a708e5863bbcdb5de50d692ead3a67cbedc,quic3/data/standard_init6_true-unreach-call_ground_000.yml,chc-comp-2026/quic3/data/standard_init6_true-unreach-call_ground_000.yml,0c9df65a3cae9aba9683dac822f3cf77d9177e6e8e1ee871de9207e48459727e,unknown
chc-comp-2026/quic3/data/standard_copyInitSum3_true-unreach-call_ground_000.smt2,186bbf2e841a9de2ec4f2873d99efbe6527059294fe18bbdcd23487c3a805bb4,chc-comp-2026,LIA-Lin-Arrays,family-balanced second expansion,chc-comp26-benchmarks-main.zip,912aa7b44471c9e1ed49ba0c2c034dcafa4300a821edaf3bf016618fd0e99b25,https://github.com/chc-comp/chc-comp26-benchmarks,b4fa7a708e5863bbcdb5de50d692ead3a67cbedc,quic3/data/standard_copyInitSum3_true-unreach-call_ground_000.yml,chc-comp-2026/quic3/data/standard_copyInitSum3_true-unreach-call_ground_000.yml,b3d0080149c6c5a13a68bba4d91486f29b10702c349e73fd501e1f72ee8e81cd,unknown
chc-comp-2026/llreve-bench/muz/libc__strpbrk_1_000.smt2,04582b2fecec9a9540571ceacf8dc5db4809661a3ff94d6aa6f547d97c072194,chc-comp-2026,LIA-Lin-Arrays,family-balanced second expansion,chc-comp26-benchmarks-main.zip,912aa7b44471c9e1ed49ba0c2c034dcafa4300a821edaf3bf016618fd0e99b25,https://github.com/chc-comp/chc-comp26-benchmarks,b4fa7a708e5863bbcdb5de50d692ead3a67cbedc,llreve-bench/muz/libc__strpbrk_1_000_000.yml,chc-comp-2026/llreve-bench/muz/libc__strpbrk_1_000_000.yml,3b7ab788cb93da3cf940c45a12dc8ef687e6f588a9971d098055294fb45d9a39,sat_validated
chc-comp-2026/llreve-bench/smt2/arrays/libc__memmove_1.array_000.smt2,aada52b9e2f1bcd026cf2e9b0d33d9d8025c76bd644994182574d6a86934c275,chc-comp-2026,LIA-Lin-Arrays,family-balanced second expansion,chc-comp26-benchmarks-main.zip,912aa7b44471c9e1ed49ba0c2c034dcafa4300a821edaf3bf016618fd0e99b25,https://github.com/chc-comp/chc-comp26-benchmarks,b4fa7a708e5863bbcdb5de50d692ead3a67cbedc,llreve-bench/smt2/arrays/libc__memmove_1.array_000.yml,chc-comp-2026/llreve-bench/smt2/arrays/libc__memmove_1.array_000.yml,6043850aafef06170622107a2e82ba51487959dc87dea63cece61bd6ba204ef9,sat_validated
chc-comp-2026/quic3/data/standard_palindrome_true-unreach-call_ground_000.smt2,98bdf5ff948e9cfbd90708e999388626842c5863c40d1e717d1b7b0aaa560cb5,chc-comp-2026,LIA-Lin-Arrays,family-balanced second expansion,chc-comp26-benchmarks-main.zip,912aa7b44471c9e1ed49ba0c2c034dcafa4300a821edaf3bf016618fd0e99b25,https://github.com/chc-comp/chc-comp26-benchmarks,b4fa7a708e5863bbcdb5de50d692ead3a67cbedc,quic3/data/standard_palindrome_true-unreach-call_ground_000.yml,chc-comp-2026/quic3/data/standard_palindrome_true-unreach-call_ground_000.yml,b2ebd8450df61075b12ec131fe24e104535b5ee09d5c875f8496af215680d00a,unknown
chc-comp-2026/tricera-adt-arr/adt-arr/dll_nondet_free_order-2.i-valid-deref_000.smt2,1e12d1019383e0865c202f254aa4c687c9ad2a709ce68ff1319f49b766be4b62,chc-comp-2026,ADT-LIA-Arrays,family-balanced second expansion,chc-comp26-benchmarks-main.zip,912aa7b44471c9e1ed49ba0c2c034dcafa4300a821edaf3bf016618fd0e99b25,https://github.com/chc-comp/chc-comp26-benchmarks,b4fa7a708e5863bbcdb5de50d692ead3a67cbedc,tricera-adt-arr/adt-arr/dll_nondet_free_order-2.i-valid-deref_000.yml,chc-comp-2026/tricera-adt-arr/adt-arr/dll_nondet_free_order-2.i-valid-deref_000.yml,e6c4a501550834161330058ee72e785c02cd7af954836e7c263c3475ab3611fa,sat_validated
chc-comp-2026/tricera-adt-arr/adt-arr/sll2n_remove_all.i-valid-deref_000.smt2,e372b33b01646d4a6d417f5e4d55fd49c1f7b9de7445e012d5dd5e565cc43785,chc-comp-2026,ADT-LIA-Arrays,family-balanced second expansion,chc-comp26-benchmarks-main.zip,912aa7b44471c9e1ed49ba0c2c034dcafa4300a821edaf3bf016618fd0e99b25,https://github.com/chc-comp/chc-comp26-benchmarks,b4fa7a708e5863bbcdb5de50d692ead3a67cbedc,tricera-adt-arr/adt-arr/sll2n_remove_all.i-valid-deref_000.yml,chc-comp-2026/tricera-adt-arr/adt-arr/sll2n_remove_all.i-valid-deref_000.yml,01d0a9b620d8bfded72f5799837d7fffb6fdfbf2dd1a3e254e854fb09d96b2cd,sat_validated
chc-comp-2026/tricera-adt-arr/adt-arr/simple_built_from_end.i-valid-deref-pp_000.smt2,62fc82b3ec007c57a6dae7e660c34a002675d471e1ac04983c01a39c5ebd12cd,chc-comp-2026,ADT-LIA-Arrays,family-balanced second expansion,chc-comp26-benchmarks-main.zip,912aa7b44471c9e1ed49ba0c2c034dcafa4300a821edaf3bf016618fd0e99b25,https://github.com/chc-comp/chc-comp26-benchmarks,b4fa7a708e5863bbcdb5de50d692ead3a67cbedc,tricera-adt-arr/adt-arr/simple_built_from_end.i-valid-deref-pp_000.yml,chc-comp-2026/tricera-adt-arr/adt-arr/simple_built_from_end.i-valid-deref-pp_000.yml,42e3b0b685b71c0b9a8a178a521f8785bce615a40de5404f32e7663fecb9d600,unknown
chc-comp-2026/solidity/unit_tests/array_members/array_pop_length_3.sol_0_000.smt2,64bcd3de94265e05cfe45019d72122ab7b0b41125578081da073fb17c1262e73,chc-comp-2026,ADT-LIA-Arrays,family-balanced second expansion,chc-comp26-benchmarks-main.zip,912aa7b44471c9e1ed49ba0c2c034dcafa4300a821edaf3bf016618fd0e99b25,https://github.com/chc-comp/chc-comp26-benchmarks,b4fa7a708e5863bbcdb5de50d692ead3a67cbedc,solidity/unit_tests/array_members/array_pop_length_3.sol_0_000.yml,chc-comp-2026/solidity/unit_tests/array_members/array_pop_length_3.sol_0_000.yml,b0de1c3b80610b54d959e8749dde4e94338ba14626076c53fbc15d70da33ba6d,unsat
chc-comp-2026/tricera-adt-arr/adt-arr/test-0232_1-2.i-valid-deref_000.smt2,e853db4a2504270b8201d00bd7a8746581d22bcbcef8ed3d20c1059e45f446e1,chc-comp-2026,ADT-LIA-Arrays,family-balanced second expansion,chc-comp26-benchmarks-main.zip,912aa7b44471c9e1ed49ba0c2c034dcafa4300a821edaf3bf016618fd0e99b25,https://github.com/chc-comp/chc-comp26-benchmarks,b4fa7a708e5863bbcdb5de50d692ead3a67cbedc,tricera-adt-arr/adt-arr/test-0232_1-2.i-valid-deref_000.yml,chc-comp-2026/tricera-adt-arr/adt-arr/test-0232_1-2.i-valid-deref_000.yml,76bcfc8710129596bedf7cb0771b61c14bed4f4dc89995d8817b2f5973a23e44,sat
