path,sha256,source,category,property,variant,input_bytes,assertion_count,builtin_constructor_collision,source_url,source_revision,selection_rationale
extra-families/tricera-adt-arr/adt-arr/calendar.i-unreach-call.smt2,994f9d7c6f1951602a2bd52d07406e21df75c60398e50a716dd7651e1985a94b,tricera-extra-family,ADT-LIA-Arrays,unreach-call,original,8134,15,false,https://github.com/chc-comp/tricera-adt-arr,0214c9fb4845013dc9ec5d1f8c4376efc6c6e365,original; nearest remaining size to 8192 bytes; nonempty; <=256 KiB
extra-families/tricera-adt-arr/adt-arr/dll-01-1.i-unreach-call.smt2,ead19d3d8430067db707a6a3d9f89a2b1f490eab000641dc544a42301b914bb6,tricera-extra-family,ADT-LIA-Arrays,unreach-call,original,24709,44,false,https://github.com/chc-comp/tricera-adt-arr,0214c9fb4845013dc9ec5d1f8c4376efc6c6e365,original; nearest remaining size to 24576 bytes; nonempty; <=256 KiB
extra-families/tricera-adt-arr/adt-arr/dll-01-1.i-unreach-call-pp.smt2,52fe9e957a10610147bae863559836a348bd35d608be2c8392a513b1d79ffa10,tricera-extra-family,ADT-LIA-Arrays,unreach-call,preprocessed,65108,141,false,https://github.com/chc-comp/tricera-adt-arr,0214c9fb4845013dc9ec5d1f8c4376efc6c6e365,preprocessed; nearest remaining size to 65536 bytes; nonempty; <=256 KiB
extra-families/tricera-adt-arr/adt-arr/dll-sorted-1.i-unreach-call-pp.smt2,96e1ab3c1abffd17c18b7459d7176630a88f63c2f4f7e6c35ff9665b34fa799c,tricera-extra-family,ADT-LIA-Arrays,unreach-call,preprocessed,94941,185,false,https://github.com/chc-comp/tricera-adt-arr,0214c9fb4845013dc9ec5d1f8c4376efc6c6e365,preprocessed; nearest remaining size to 163840 bytes; nonempty; <=256 KiB
extra-families/tricera-adt-arr/adt-arr/dll-fst-shared.i-valid-free.smt2,009fbbce57bd647ec1c6c77639a92ccf7042374f24c28312759c22b941535c01,tricera-extra-family,ADT-LIA-Arrays,valid-free,original,8019,11,false,https://github.com/chc-comp/tricera-adt-arr,0214c9fb4845013dc9ec5d1f8c4376efc6c6e365,original; nearest remaining size to 8192 bytes; nonempty; <=256 KiB
extra-families/tricera-adt-arr/adt-arr/sll_to_dll_rev-2.i-valid-free.smt2,1809fe7bd913ce576383e24399dcaeab290717ccf7595ef947a60d5548b26f5c,tricera-extra-family,ADT-LIA-Arrays,valid-free,original,24126,28,false,https://github.com/chc-comp/tricera-adt-arr,0214c9fb4845013dc9ec5d1f8c4376efc6c6e365,original; nearest remaining size to 24576 bytes; nonempty; <=256 KiB
extra-families/tricera-adt-arr/adt-arr/sll-sorted-2.i-valid-free-pp.smt2,06374ca863951fbc3a3c3dce0894acc592bf54f3ee0730780a0254f44d21b0e0,tricera-extra-family,ADT-LIA-Arrays,valid-free,preprocessed,65801,143,false,https://github.com/chc-comp/tricera-adt-arr,0214c9fb4845013dc9ec5d1f8c4376efc6c6e365,preprocessed; nearest remaining size to 65536 bytes; nonempty; <=256 KiB
extra-families/tricera-adt-arr/adt-arr/skiplist_3lvl.i-valid-free-pp.smt2,73ac1cf59f7789c565156014583f7205a2a2c1a55d9fbb1b28aca0fc57a89498,tricera-extra-family,ADT-LIA-Arrays,valid-free,preprocessed,117041,242,false,https://github.com/chc-comp/tricera-adt-arr,0214c9fb4845013dc9ec5d1f8c4376efc6c6e365,preprocessed; nearest remaining size to 163840 bytes; nonempty; <=256 KiB
extra-families/tricera-adt-arr/adt-arr/test-0232-2.i-valid-deref.smt2,83341d4d0db97bba254022640a491f598bb5185f1a654d4605aad2b99e1d8be3,tricera-extra-family,ADT-LIA-Arrays,valid-deref,original,8373,21,false,https://github.com/chc-comp/tricera-adt-arr,0214c9fb4845013dc9ec5d1f8c4376efc6c6e365,original; nearest remaining size to 8192 bytes; nonempty; <=256 KiB
extra-families/tricera-adt-arr/adt-arr/sll-01-2.i-valid-deref.smt2,3d7d947b56fc913a3790610091fd122198bbdcc31633470b9ae7db757861125a,tricera-extra-family,ADT-LIA-Arrays,valid-deref,original,24857,82,false,https://github.com/chc-comp/tricera-adt-arr,0214c9fb4845013dc9ec5d1f8c4376efc6c6e365,original; nearest remaining size to 24576 bytes; nonempty; <=256 KiB
extra-families/tricera-adt-arr/adt-arr/sll-circular-1.i-valid-deref-pp.smt2,1dca131293bd6b258a1bf63abf51a116b07ca358a0a75245616fd20d24e18280,tricera-extra-family,ADT-LIA-Arrays,valid-deref,preprocessed,65339,171,false,https://github.com/chc-comp/tricera-adt-arr,0214c9fb4845013dc9ec5d1f8c4376efc6c6e365,preprocessed; nearest remaining size to 65536 bytes; nonempty; <=256 KiB
extra-families/tricera-adt-arr/adt-arr/dll-queue-1.i-valid-deref-pp.smt2,9663cd4de07c5764387f4690a461f8a3f6c9e1d1f07cba792b5c708c4124d39d,tricera-extra-family,ADT-LIA-Arrays,valid-deref,preprocessed,161216,372,false,https://github.com/chc-comp/tricera-adt-arr,0214c9fb4845013dc9ec5d1f8c4376efc6c6e365,preprocessed; nearest remaining size to 163840 bytes; nonempty; <=256 KiB
extra-families/tricera-adt-arr/adt-arr/test-0019_1-1.i-valid-memtrack.smt2,b03f2147926f6ce4715f8c38c141c2bdc01cb31f9748412d199f86c170052f22,tricera-extra-family,ADT-LIA-Arrays,valid-memtrack,original,8255,4,true,https://github.com/chc-comp/tricera-adt-arr,0214c9fb4845013dc9ec5d1f8c4376efc6c6e365,original; nearest remaining size to 8192 bytes; nonempty; <=256 KiB; datatype constructors true/false collide with builtins
extra-families/tricera-adt-arr/adt-arr/sll-queue-1.i-valid-memtrack.smt2,770dc1dfa574441d278e8f589d787825aff32bd5914e65486942fdd2a7d2eff2,tricera-extra-family,ADT-LIA-Arrays,valid-memtrack,original,24458,35,true,https://github.com/chc-comp/tricera-adt-arr,0214c9fb4845013dc9ec5d1f8c4376efc6c6e365,original; nearest remaining size to 24576 bytes; nonempty; <=256 KiB; datatype constructors true/false collide with builtins
extra-families/tricera-adt-arr/adt-arr/test-0019_1-2.i-valid-memtrack-pp.smt2,bced20a57d209cafe3ad4dced1b6ca8f86a59e585a2037cb6b925a4f932398c2,tricera-extra-family,ADT-LIA-Arrays,valid-memtrack,preprocessed,53883,80,false,https://github.com/chc-comp/tricera-adt-arr,0214c9fb4845013dc9ec5d1f8c4376efc6c6e365,preprocessed; nearest remaining size to 65536 bytes; nonempty; <=256 KiB
extra-families/tricera-adt-arr/adt-arr/test-0019_1-1.i-valid-memtrack-pp.smt2,c4ea536e88fcfdcbbf3aabb6ec93c120a5e4f0442c4f6a3b91bb0da3d8aa0a1d,tricera-extra-family,ADT-LIA-Arrays,valid-memtrack,preprocessed,53827,80,false,https://github.com/chc-comp/tricera-adt-arr,0214c9fb4845013dc9ec5d1f8c4376efc6c6e365,preprocessed; nearest remaining size to 163840 bytes; nonempty; <=256 KiB
extra-families/tricera-adt-arr/adt-arr/simple-1.i-valid-memcleanup.smt2,50e07c0bb8043514166c14a76e33c09188b662e9bab3d48f5533cc50103d3a95,tricera-extra-family,ADT-LIA-Arrays,valid-memcleanup,original,8203,13,true,https://github.com/chc-comp/tricera-adt-arr,0214c9fb4845013dc9ec5d1f8c4376efc6c6e365,original; nearest remaining size to 8192 bytes; nonempty; <=256 KiB; datatype constructors true/false collide with builtins
extra-families/tricera-adt-arr/adt-arr/sll-queue-2.i-valid-memcleanup.smt2,588d9af5fcb1209f5accb2e9a108cbd11838c1095fbde7dccec833ff8217026a,tricera-extra-family,ADT-LIA-Arrays,valid-memcleanup,original,24456,35,true,https://github.com/chc-comp/tricera-adt-arr,0214c9fb4845013dc9ec5d1f8c4376efc6c6e365,original; nearest remaining size to 24576 bytes; nonempty; <=256 KiB; required previously discussed sll-queue-2 example; datatype constructors true/false collide with builtins
extra-families/tricera-adt-arr/adt-arr/list_search-2.i-valid-memcleanup.smt2,dca9b34a8269d5eb2703c7693475ab3bbf83cfe26b70c24be5da05e91508ab42,tricera-extra-family,ADT-LIA-Arrays,valid-memcleanup,original,43297,24,true,https://github.com/chc-comp/tricera-adt-arr,0214c9fb4845013dc9ec5d1f8c4376efc6c6e365,original; nearest remaining size to 65536 bytes; nonempty; <=256 KiB; datatype constructors true/false collide with builtins
extra-families/tricera-adt-arr/adt-arr/sll_to_dll_rev-1.i-valid-memcleanup.smt2,fe7f2d4e2049d0259bcdc0d3ed74393cfd377aebb7d11b8aa62d8c3efc25c5cd,tricera-extra-family,ADT-LIA-Arrays,valid-memcleanup,original,36834,53,true,https://github.com/chc-comp/tricera-adt-arr,0214c9fb4845013dc9ec5d1f8c4376efc6c6e365,original; nearest remaining size to 163840 bytes; nonempty; <=256 KiB; datatype constructors true/false collide with builtins
